Kolkata Airport,"3, Esplanade Row W, Maidan, B.B.D. Bagh, Kolkata, West Bengal 700001, India"
Kolkata Airport,"3, Esplanade Row W, Maidan, B.B.D. Bagh, Kolkata, West Bengal 700001, Índia"
Kolkata Airport,"NewMarket Kolkata, IN, 19, Lindsay St, New Market Area, Dharmatala, Taltala, Kolkata, West Bengal 700087, India"
Kota Kinabalu - Airport,"Hilton Kota Kinabalu, MY, Jalan Tunku Abdul Rahman, Asia City, 88000 Kota Kinabalu, Sabah, Malaysia"
Kota Kinabalu - Airport,"Kota Kinabalu Marriott Hotel, MY, Lot G, 23A, Jalan Tun Fuad Stephens, 88000 Kota Kinabalu, Sabah, Malaysia"
Kota Kinabalu - Airport,"Hotel 7 Suria, MY, Suria Sabah Shopping Mall, Kota Kinabalu, 88000 Kota Kinabalu, Sabah, Malaysia"
Siem Reap International Airport,"307 NR6, Krong Siem Reap, Cambodia"
Siem Reap International Airport,"7 Makara St, Krong Siem Reap, Cambodia"
Siem Reap International Airport,"ICF Rd, Krong Siem Reap, Cambodia"
Tbilisi Airport,"Bagrati 1003, GE, 2-a ул. Церетели 2 туп., Kutaisi, Georgia"
La Romana - Casa de Campo Intl. Airport,"Av Sta Rosa, La Romana 22000, Dominican Republic"
La Romana - Casa de Campo Intl. Airport,"Chambres d´hotes La Romana, DO, Calle Larimar 28, La Romana 22000, Dominican Republic"
La Romana - Casa de Campo Intl. Airport,"Viva Wyndham Dominicus Beach - All-Inclusive Resort, DO, La Romana 23000, Dominican Republic"
Santo Domingo - Las Americas Intl. Airport,"Carr. La Romana - Higuey, La Romana, Dominican Republic"
Santo Domingo - Las Americas Intl. Airport,"Viva Wyndham Dominicus Beach - All-Inclusive Resort, DO, La Romana 23000, Dominican Republic"
Santo Domingo - Las Americas Intl. Airport,"Casa de Campo Villas, DO, Carretera La Romana, La Romana 22000, Dominican Republic"
Santo Domingo - Las Americas Intl. Airport,"Viva Wyndham Dominicus Beach - All-Inclusive Resort, DO, La Romana 23000, République dominicaine"
Santo Domingo - Las Americas Intl. Airport,"Bahia Principe Luxury Bouganville, DO, Ctra. San Pedro, Km 12 La Romana Dominican Republic, La Romana 21000, Dominican Republic"
Santo Domingo - Las Americas Intl. Airport,"La Romana, Dominican Republic, DO, La Romana, Dominican Republic, La Romana 22000, Dominican Republic"
Pisa - Airport - Galileo Galilei,"Hotel NH La Spezia, IT, Via XX Settembre, 2, 19124 La Spezia SP, Italy"
Pisa - Airport - Galileo Galilei,"Via Persio Aulo Flacco, 55, 19121 La Spezia SP, Italy"
Pisa - Airport - Galileo Galilei,"Via Ugo Botti, 56, 19126 La Spezia SP, Italy"
Murtala Muhammed International Airport,"Radisson Blu Hotel, Lagos Ikeja, NG, 38-40 Isaac John St, Ikeja GRA 100271, Lagos, Nigeria"
Murtala Muhammed International Airport,"2 Festac Access Rd, opposite Texaco Filling Station, Amuwo Odofin, Lagos, Nigeria"
Murtala Muhammed International Airport,"9 Rev.Ogunbiyi St, Ikeja GRA, Lagos, Nigeria"
Murtala Muhammed International Airport,"26 Oladimeji Alo St, Lekki Phase I, Lagos, Nigeria"
Murtala Muhammed International Airport,"33 Jay Jay Oladimeji St, Lekki Phase I, Lagos, Nigeria"
Murtala Muhammed International Airport,"Presken Hotel at International Airport Road, Shitu Alao Way, Shogunle, Lagos, Nigeria"
Murtala Muhammed International Airport,"46 Waziri Ibrahim Cres, Victoria Island, Lagos, Nigeria"
Larnaca - Airport,"welcome house, Yianni Lefki 5, Larnaca 6027, Cipru"
Larnaca - Airport,"Radisson Blu Hotel, Larnaca, CY, Atlantidon 2, Larnaca 6058, Cyprus"
Larnaca - Airport,"Zinonos Kitieos 83, Larnaca, Cyprus"
Larnaca - Airport,"Stasinou 51, Larnaca, Cyprus"
Larnaca - Airport,"Lazuli Beachfront Apartment 61, Athenon 36, Larnaca, Кипр"
Larnaca - Airport,"The Josephine Boutique Hotel, CY, Γωνία Ζήνων Κιτιεύς & Μιτσή, Larnaca 6022, Cyprus"
Larnaca - Airport,"The Josephine Boutique Hotel, CY, Γωνία Ζήνων Κιτιεύς & Μιτσή, Larnaca 6022, Кипр"
Larnaca - Airport,"The Josephine Boutique Hotel, Zinonos Kitieos 83, Larnaca, Cyprus"
Larnaca - Airport,"Athenon 30, Larnaca 6023, Cyprus"
Larnaca - Airport,"San Remo Hotel, CY, W. Shakespear Str. 1, Larnaca 6531, Cyprus"
Larnaca - Airport,"Zinonos Kitieos 83, Larnaca, Кипр"
Larnaca - Airport,"Umm Haram 91, Larnaca 6027, Cyprus"
Larnaca - Airport,"Best Western Plus Larco Hotel, CY, Πόντου, Larnaca 6301, Кипр"
Larnaca - Airport,"Ermou 148, Larnaca 6022, Cyprus"
Larnaca - Airport,"Evryviadou 4, Larnaca 6023, Cyprus"
Larnaca - Airport,"Petrou Bros Hotel Apartments Ξενοδοχείο, CY, Petrou Bros Hotel Apartments, Armenian Church Street Str, Larnaca, Cyprus"
Larnaca - Airport,"San Remo Hotel, Umm Haram 91, Larnaca 6027, Cyprus"
Heraklion Airport,"Creta Maris Beach Resort, Unnamed Road, Limenas Chersonisou 700 14, Греция"
Heraklion Airport,"Star Beach Village & Water Park, El. Venizelou 199, Limenas Chersonisou 700 14, Řecko"
Heraklion Airport,"Creta Maris Beach Resort, Unnamed Road, Limenas Chersonisou 700 14, Greece"
Heraklion Airport,"El. Venizelou 199, Limenas Chersonisou 700 14, Grèce"
Heraklion Airport,"Unnamed Road, Limenas Chersonisou 700 14, Greece"
Heraklion Airport,"Dimokratias 42, Limenas Chersonisou 700 14, Greece"
Heraklion Airport,"Infinity Blue Boutique Hotel & Spa - Adults Only, Infinity Blue Boutique Hotel and Spa, GR, Daidalou 9 Street, Limenas Chersonisou 700 14, Grèce"
Heraklion Airport,"Creta Maris Beach Resort, Unnamed Road, Limenas Chersonisou 700 14, Grèce"
Heraklion Airport,"Infinity Blue Boutique Hotel and Spa, Limenas Chersonisou, GR, Daidalou 9 Street, Limenas Chersonisou 700 14, Griechenland"
Heraklion Airport,"Creta Maris Beach Resort, GR, Navarchou Nearchou, Limenas Chersonisou 700 14, Greece"
Heraklion Airport,"Creta Maris Beach Resort, Unnamed Road, Limenas Chersonisou 700 14, Griechenland"
Heraklion Airport,"Greta Apartments, GR, Pampoudaki 9, Limenas Chersonisou 700 14, Grecja"
Heraklion Airport,"Infinity Blue Boutique Hotel & Spa - Adults Only, Infinity Blue Boutique Hotel and Spa, GR, Daidalou 9 Street, Limenas Chersonisou 700 14, Griechenland"
Heraklion Airport,"El. Venizelou 199, Limenas Chersonisou 700 14, Greece"
Heraklion Airport,"Infinity Blue Boutique Hotel & Spa - Adults Only, Infinity Blue Boutique Hotel and Spa, GR, Daidalou 9 Street, Limenas Chersonisou 700 14, Greece"
Heraklion Airport,"Infinity Blue Boutique Hotel and Spa, Limenas Chersonisou, GR, Daidalou 9 Street, Limenas Chersonisou 700 14, Grèce"
Heraklion Airport,"Star Beach Village & Water Park, El. Venizelou 199, Limenas Chersonisou 700 14, Greece"
Heraklion Airport,"Unnamed Road, Limenas Chersonisou 700 14, Grèce"
Heraklion Airport,"Infinity Blue Boutique Hotel and Spa, Limenas Chersonisou, GR, Daidalou 9 Street, Limenas Chersonisou 700 14, יוון"
Heraklion Airport,"Heronissos Hotel, GR, Filonidou Zotou 14, Limenas Chersonisou 700 14, Greece"
Barcelona - Airport,"Hotel Mas Center, Bar bm, ES, Carrer de Sant Pere, 48, 17310 Lloret de Mar, Girona, Spanien"
Barcelona - Airport,"Carrer de la Riera, 77, 17310 Lloret de Mar, Girona, Spain"
Barcelona - Airport,"htop Palm Beach & SPA, Carrer Aribau, 5, 17310 Lloret de Mar, Girona, Espagne"
Barcelona - Airport,"Carrer de la Riera, 77, 17310 Lloret de Mar, Girona, España"
Barcelona - Airport,"Hotel Rosamar Maxim 4*- Adults Only, Passeig de sa Caleta, 18, 17310 Lloret de Mar, Girona, Espagne"
Barcelona - Airport,"Carrer Nicolau Font i Maig, 2, 17310 Lloret de Mar, Girona, Spanje"
Barcelona - Airport,"Villa Auba Lloret, Prova, ES, Carrer de Buenos Aires, 5, 17310 Lloret de Mar, Girona, Spanje"
Barcelona - Airport,"17310 Lloret de Mar, Gérone, Espagne"
Barcelona - Airport,"Els Llorers Apartaments, ES, Carrer Amadeu Vives, S/N, 17310 Lloret de Mar, Girona, Hiszpania"
Girona - Costa Brava Airport,"Hotel Rosamar Maxim 4*- Adults Only, Passeig de sa Caleta, 18, 17310 Lloret de Mar, Girona, Espagne"
Girona - Costa Brava Airport,"Els Llorers Apartaments, ES, Carrer Amadeu Vives, S/N, 17310 Lloret de Mar, Girona, Hiszpania"
Girona - Costa Brava Airport,"Apartaments Condado, Carrer Nicolau Font i Maig, 2, 17310 Lloret de Mar, Girona, Spanje"
Toulouse - Blagnac Airport,"9 Rue des Frères Nicolau, 65100 Lourdes, France"
Lublin - Airport,"Hampton By Hilton Lublin, aleja Kompozytorów Polskich 1, 20-848 Lublin, Polska"
Lublin - Airport,"Hotel PZMot, Restauracja, Centrum Konferencyjne PZM, PL, Bolesława Prusa 8, 20-064 Lublin, Polska"
Lublin - Airport,"Hotel Logos, Liga Cashflow, PL, Akademicka 4, 20-033 Lublin, Poland"
London - Airport - Luton,"23 Dunstable Pl, Luton LU1 2QT, UK"
London - Airport - Luton,"21-25 Chapel St, Chapel Langley, Luton LU1 5DA, UK"
London - Airport - Luton,"26 Waller Ave, Maidenhall, Luton LU4 9RP, UK"
London - Airport - Luton,"34 Liverpool Rd, Luton LU1 1RS, UK"
London - Airport - Luton,"55 Guildford St, Luton LU1 2ER, UK"
London - Airport - Luton,"98 Cambridge St, Luton LU1 3QU, UK"
London - Airport - Luton,"Courtyard by Marriott Luton Airport, 25a Airport Way, Luton LU2 9LY, UK"
London - Airport - Luton,"Holiday Inn, GB, Luton LU2 9NZ, UK"
London - Airport - Luton,"Luton LU1 2QD, UK"
