Product name,Merchant category,Google category
Categories -> Home -> Home Cleaning & Maintenance -> Ironing -> All Ironing Products,,
Categories -> Home -> Home Cleaning & Maintenance -> Ironing -> Ironing Board Covers,,
Categories -> Home -> Home Cleaning & Maintenance -> Ironing -> Ironing Board,,
Categories -> Home -> Home Cleaning & Maintenance -> Ironing -> Clothes Dryer,,
Categories -> Home -> Home Cleaning & Maintenance -> All Home Cleaning & Maintenance Products,,
Categories -> Home -> Home Cleaning & Maintenance -> Toilet Paper,,
Categories -> Home -> Home Cleaning & Maintenance -> Tissue,,
Categories -> Home -> Toilets and Bathrooms -> Towels -> All Towel Products,,
Categories -> Home -> Toilets and Bathrooms -> Towels -> Beach Towels,,
Categories -> Home -> Toilets and Bathrooms -> Towels -> Interior Towels,,
Categories -> Home -> Toilets and Bathrooms -> Towels -> Bathroom Towels,,
Categories -> Home -> Toilets and bathrooms -> All toilet and bathroom products,,
Categories -> Home -> Toilets and Bathrooms -> Dispensers for toothpastes,,
Categories -> Home -> Toilets and Bathrooms -> Shower Heads,,
Categories -> Home -> Toilets and Bathrooms -> Bathroom Curtains,,
Categories -> Home -> Toilets and Bathrooms -> Toothbrush Stands,,
Categories -> Home -> Toilets and Bathrooms -> Soaps and Dispensers,,
Categories -> Home -> Toilets and bathrooms -> Toilet brushes,,
Categories -> Home -> Toilets and Bathrooms -> Shower Network Fixture,,
Categories -> Home -> Toilets and Bathrooms -> Toilet Paper Dispenser,,
Categories -> Home -> Toilets and Bathrooms -> Toilet and bathroom bins,,
Categories -> Home -> Toilets and Bathrooms -> Hair Dryer Rack,,
Categories -> Home -> Toilets and Bathrooms -> Towel Rack,,
Categories -> Home -> Kitchen -> Amount -> All Amount Products,,
Categories -> Home -> Kitchen -> Amount -> Bread Knives,,
Categories -> Home -> Kitchen -> Sum -> Knife Sharpener,,
Categories -> Home -> Kitchen -> Sum -> Knife Set,,
Categories -> Home -> Kitchen -> Amount -> Spoons,,
Categories -> Home -> Kitchen -> Amount -> Kitchen Knives,,
Categories -> Home -> Kitchen -> Amount -> Amount Set,,
Categories -> Home -> Kitchen -> Amount -> Chef's Knives,,
Categories -> Home -> Kitchen -> Food & Beverage -> All Food & Beverage Products,,
Categories -> Home -> Kitchen -> Utensils -> Hot drinks,,
Categories -> Home -> Kitchen -> Food & Drink Utensils -> Serving Bowls,,
Categories -> Home -> Kitchen -> Food & Drink Utensils -> Serving Plate,,
Categories -> Home -> Kitchen -> Food & Drink Utensils -> Bowls,,
Categories -> Home -> Kitchen -> Utensils -> Cold drinks,,
Categories -> Home -> Kitchen -> Storage and organization of the kitchen -> All storage and organization of the kitchen,,
Categories -> Home -> Kitchen -> Storage and organization of the kitchen -> Dryers and amount,,
Categories -> Home -> Kitchen -> Storage and organization of the kitchen -> Storage facilities for plates,,
Categories -> Home -> Kitchen -> Storage and organization of the kitchen -> Organization and storage of spices,,
Categories -> Home -> Kitchen -> Storage and organization of the kitchen -> Hanging systems of kitchen utensils,,
Categories -> Home -> Kitchen -> Storage and organization of the kitchen -> Drawer dividers for the amount,,
Categories -> Home -> Kitchen -> Storage and organization of the kitchen -> Paper towel racks,,
Categories -> Home -> Kitchen -> Disposable and consumable -> All disposable and consumable products,,
Categories -> Home -> Kitchen -> Disposable and consumable -> Disposable molds,,
Categories -> Home -> Kitchen -> Disposable and consumable -> Hard,,
Categories -> Home -> Kitchen -> Disposable and consumable -> Aluminum molds,,
Categories -> Home -> Kitchen -> Disposable and consumables -> Lunch bags,,
Categories -> Home -> Kitchen -> Disposable and consumable -> Baking paper,,
Categories -> Home -> Kitchen -> Disposable and consumables -> Paper towels,,
Categories -> Home -> Kitchen -> Disposable and consumable -> Nylon clings,,
Categories -> Home -> Kitchen -> Disposable and consumable -> Aluminum foil,,
Categories -> Home -> Kitchen -> Disposable and consumable -> Cufflinks,,
Categories -> Home -> Kitchen -> Equipment and tools for wine and bar -> All equipment and tools for wine and bar,,
Categories -> Home -> Kitchen -> Equipment and tools for wine and bar -> Corkscrews,,
Categories -> Home -> Kitchen -> Kitchen Accessories -> All Kitchen Accessories Products,,
Categories -> Home -> Kitchen -> Kitchen Accessories -> Six,,
Categories -> Home -> Kitchen -> Kitchen Accessories -> Kitchen Crushers,,
Categories -> Home -> Kitchen -> Kitchen Accessories -> Mandolins,,
Categories -> Home -> Kitchen -> Kitchen Accessories -> Manual Juicers,,
Categories -> Home -> Kitchen -> Kitchen Accessories -> Wine Bottle Opener,,
Categories -> Home -> Kitchen -> Kitchen Accessories -> Oil Sprayers,,
Categories -> Home -> Kitchen -> Kitchen Accessories -> Filters,,
Categories -> Home -> Kitchen -> Kitchen Accessories -> Thawing surfaces,,
Categories -> Home -> Kitchen -> Kitchen Accessories -> Garlic Crusher,,
Categories -> Home -> Kitchen -> Kitchen Accessories -> Grates,,
Categories -> Home -> Kitchen -> Kitchen Accessories -> Packaging Brackets,,
Categories -> Home -> Kitchen -> Kitchen Accessories -> Vegetable Choppers,,
Categories -> Home -> Kitchen -> Cooking and Baking -> All Cooking and Baking Products,,
Categories -> Home -> Kitchen -> Cooking and Baking -> Pans,,
Categories -> Home -> Kitchen -> Cooking and Baking -> Chopping boards,,
Categories -> Home -> Kitchen -> Cooking and Baking -> Pots,,
Categories -> Home -> Kitchen -> Cooking and Baking -> Grilling Plants,,
Categories -> Home -> Kitchen -> Cooking and Baking -> Pressure Pots,,
Categories -> Home -> Kitchen -> Cooking and Baking -> Soutzes,,
Categories -> Home -> Kitchen -> Cooking and Baking -> Pot Sets,,
Categories -> Home -> Kitchen -> Cooking and Baking -> Cookie Makers,,
Categories -> Home -> Kitchen -> Cooking and Baking -> Pizza and Pasta Tools,,
Categories -> Home -> Kitchen -> Cooking and Baking -> Baking Surfaces,,
Categories -> Home -> Kitchen -> Cooking and Baking -> Kitchen Weight,,
Categories -> Home -> Kitchen -> Cooking and Baking -> Microwave Pots,,
Categories -> Home -> Kitchen -> Textiles -> All textile products,,
Categories -> Home -> Kitchen -> Textiles -> Kitchen Gloves,,
Categories -> Home -> Kitchen -> Coffee and Tea -> All Coffee and Tea Products,,
Categories -> Home -> Kitchen -> Coffee & Tea -> Macintosh,,
Categories -> Home -> Kitchen -> Coffee and Tea -> Measuring Spoons,,
Categories -> Home -> Kitchen -> Coffee and Tea -> Capsule Stands,,
Categories -> Home -> Kitchen -> Food & Beverage Containers -> All Food & Beverage Container Products,,
Categories -> Home -> Kitchen -> Food and Beverage Containers -> Drinking Bottles for Kids,,
Categories -> Home -> Kitchen -> Food and Beverage Containers -> Food Storage Boxes,,
Categories -> Home -> Kitchen -> Food and Beverage Containers -> Drinking Bottles,,
Categories -> Home -> Kitchen -> Food and Beverage Containers -> Thermoses,,
Categories -> Home -> Kitchen -> Food and Beverage Containers -> Thermal Cups,,
Categories -> Home -> Kitchen -> Food and Beverage Containers -> Reusable Lunch Bags,,
Categories -> Home -> Kitchen -> All Kitchen Products,,
Categories -> Home -> Storage & Organization -> Trash Cans -> All Garbage Can Products,,
Categories -> Home -> Storage & Organization -> Trash Cans -> Kitchen Trash Cans,,
Categories -> Home -> Storage & Organization -> Trash Cans -> Toilet & Bath Trash Cans,,
Categories -> Home -> Storage & Organization -> All Storage & Organization Products,,
Categories -> Home -> Storage & Organization -> Cloth Baskets for Storage,,
Categories -> Home -> Storage & Organization -> Shelves,,
Categories -> Home -> Storage & Organization -> Baskets,,
Categories -> Home -> Storage & Organization -> Vacuum Bags,,
Categories -> Home -> Storage & Organization -> Storage Boxes,,
Categories -> Home -> Storage & Organization -> Hangers,,
Categories -> Home -> Storage and Organization -> Shelf systems and bookcases,,
Categories -> Home -> Storage & Organization -> Bread Storage,,
Categories -> Home -> Storage and Organization -> Standing Hangers,,
Categories -> Home -> Storage & Organization -> Hanging Hooks,,
Categories -> Home -> Storage and organization -> Wiper and broom racks,,
Categories -> Home -> Storage & Organization -> Laundry Baskets,,
Categories -> Home -> Storage & Organization -> Organizations,,
Categories -> Home -> Carpets & Flooring -> All Carpet & Flooring Products,,
Categories -> Home -> Rugs & Flooring -> Bathroom Rugs,,
Categories -> Home -> Carpets & Flooring -> Kitchen Rugs,,
Categories -> Home -> Carpets & Flooring -> Kitchen Mats,,
Categories -> Home -> Rugs and Flooring -> Rugs for Kids and Teens,,
Categories -> Home -> Home design and equipment -> All home design and equipment products,,
Categories -> Home -> Home design and equipment -> Home decoration,,
Categories -> Home -> Home Design & Equipment -> Photo Frames,,
Categories -> Home -> Home Design & Furnishings -> Wall Stickers,,
Categories -> Home -> Home Design & Equipment -> Tablecloths,,
Categories -> Home -> Home Design & Furnishings -> Candles,,
Categories -> Home -> Home design and equipment -> Mirrors,,
Categories -> Home -> Hand Tools -> Scales -> All Scale Products,,
Categories -> Home -> Hand Tools -> Scales -> Aluminum Scales,,
Categories -> Home -> Hand Tools -> Screwdrivers & Wrenches -> All Screwdrivers & Wrenches Products,,
Categories -> Home -> Hand Tools -> Screwdrivers & Wrenches -> Screwdrivers,,
Categories -> Home -> Hand Tools -> Storage & Carrying Tools -> All Tools Storage & Carrying Tools,,
Categories -> Home -> Hand Tools -> Storage and Carrying Tools -> Carts,,
Categories -> Home -> Hand Tools -> All Hand Tools,,
"Categories -> Home -> Work Materials -> Adhesives, Sealants & Lubricants -> All Adhesives, Sealants & Lubricants",,
"Categories -> Home -> Work Materials -> Adhesives, Sealants and Lubricants -> Adhesives",,
"Categories -> Home -> Work Materials -> Adhesives, Sealants & Lubricants -> Acrylic Gum",,
Categories -> Home -> Work Materials -> All Work Material Products,,
Categories -> Home -> Work Materials -> Plaster,,
Categories -> Home -> Faucets -> All Faucet Products,,
Categories -> Home -> Faucets -> Bathroom Sink Faucet and Toilets,,
Categories -> Home -> Faucets -> Shower Interfoot,,
Categories -> Home -> Faucets -> Kitchen Faucet,,
Categories -> Home -> Faucets -> Bathroom Faucet,,
Categories -> Home -> Power Tools -> All Power Tools,,
Categories -> Home -> Power Tools -> Pressure Washers,,
Categories -> Home -> Power Tools -> Vertical Saw,,
Categories -> Home -> Power Tools -> Grinders,,
Categories -> Home -> Power Tools -> Screwdriver,,
Categories -> Home -> Power Tools -> Fetish,,
Categories -> Home -> Bedding and bedding -> Blankets -> All blanket products,,
Categories -> Home -> Bedding and bedding -> Blankets -> Summer blankets,,
Categories -> Home -> Bedding and bedding -> Blankets -> Duvets,,
Categories -> Home -> Bedding and bedding -> All bedding and bedding products,,
Categories -> Home -> Bedding & Bedding -> Expectations,,
Categories -> Home -> Bedding & Bedding -> Pillowcases,,
Categories -> Home -> Bedding and bedding -> Towels,,
Categories -> Home -> Bedding & Bedding -> Bedding Set,,
Categories -> Home -> Bedding and bedding -> Mattress pads,,
Categories -> Home -> Bedding and bedding -> Sheets,,
Categories -> Home -> Windows and Shading -> All Windows and Shading Products,,
Categories -> Home -> Windows and Shading -> Mosquito Net,,
Categories -> Home -> Garden & Balcony -> Pool Accessories -> All Pool Accessories Products,,
Categories -> Home -> Garden and balcony -> Pool accessories -> Filter sand,,
Categories -> Home -> Garden & Balcony -> Pool Accessories -> Inflation Pumps,,
Categories -> Home -> Garden and Balcony -> Gardening -> All gardening products,,
Categories -> Home -> Garden and balcony -> Gardening -> Potted plants,,
Categories -> Home -> Garden and balcony -> Gardening -> Pulleys and garden hoses,,
Categories -> Home -> Garden and Balcony -> Landscaping -> Caps,,
Categories -> Home -> Garden and Patio -> Garden and Patio Furniture -> All Garden and Patio Furniture Products,,
Categories -> Home -> Garden and balcony -> Garden and balcony furniture -> Hammocks,,
Categories -> Home -> Garden and balcony -> All garden and balcony products,,
Categories -> Home -> Garden and Terrace -> Pools,,
Categories -> Home -> Furniture -> Tables and sideboards -> All table and sideboard products,,
Categories -> Home -> Furniture -> Tables and sideboards -> TV sideboard,,
Categories -> Home -> Furniture -> Cabinets and Cabinets -> All Cabinet and Cabinet Products,,
Categories -> Home -> Furniture -> Cabinets and Cabinets -> Mobile Cabinet,,
Categories -> Home -> Furniture -> Cabinets and Cabinets -> Shoe Cabinet,,
Categories -> Home -> Furniture -> Cabinets and Cabinets -> Service Cabinet,,
Categories -> Home -> Furniture -> Chairs and stools -> All chair and stool products,,
Categories -> Home -> Furniture -> Chairs and stools -> Office chairs,,
Categories -> Home -> Furniture -> Chairs and stools -> Stools,,
Categories -> Home -> Furniture -> Chairs and stools -> Gaming chairs,,
Categories -> Home -> Furniture -> Shelving -> All shingling products,,
Categories -> Home -> Furniture -> Shelving -> Bookcases,,
Categories -> Home -> Furniture -> All Furniture Products,,
Categories -> Home -> Furniture -> Similar,,
Categories -> Home -> Furniture -> Chests of drawers and consoles,,
Categories -> Home -> Furniture -> Computer Chair,,
Categories -> Home -> Furniture -> Sofas,,
Categories -> Home -> Furniture -> Living Room Table,,
Categories -> Home -> Furniture -> Beanbags,,
Categories -> Home -> Furniture -> Armchairs,,
Categories -> Home -> Furniture -> Dining Tables,,
Categories -> Home -> Furniture -> Mattresses,,
Categories -> Home -> Furniture -> Shoe closet,,
Categories -> Home -> Furniture -> Computer Desk,,
Categories -> Home -> Furniture -> Stools,,
Categories -> Home -> Security & Safety -> Fire Safety -> All Fire Safety Products,,
Categories -> Home -> Security & Safety -> Fire Safety -> Smoke Detectors,,
Categories -> Home -> Security & Safety -> All Security & Safety Products,,
Categories -> Home -> All Home Products,,
Categories -> Grooming -> Hair Care -> Hair Dyeing -> All Hair Dyeing Products,,
Categories -> Grooming -> Hair Care -> Hair Dyeing -> Hair Makeup & Quick Dyeing,,
Categories -> Grooming -> Hair Care -> Hair Dyeing -> Root Cover,,
Categories -> Grooming -> Hair Care -> Hair Dyeing -> Hair Color,,
Categories -> Grooming -> Hair Care -> Hair Dyeing -> Oxygen,,
Categories -> Grooming -> Hair Care -> Hair Care & Care Products -> All Hair Care & Care Products,,
Categories -> Grooming -> Hair Care -> Hair Care & Care Products -> Hair Moisturizer,,
Categories -> Grooming -> Hair Care -> Hair Care & Care Products -> Hair Masks,,
Categories -> Care -> Hair Care -> Hair Care & Care Products -> Serum & Therapeutic Ampoules,,
Categories -> Grooming -> Hair Care -> Hair Care & Care Products -> Hair Oil,,
Categories -> Grooming -> Hair Care -> Hair Ornaments -> All Hair Ornaments Products,,
Categories -> Grooming -> Hair Grooming -> Hair Ornaments -> Hair Rubber Bands,,
Categories -> Grooming -> Hair Care -> Hair Ornaments -> Hairpins,,
Categories -> Grooming -> Hair Care -> Hair Ornaments -> Hair Ribbons,,
Categories -> Grooming -> Hair Care -> Hair Ornaments -> Hair Bows,,
Categories -> Grooming -> Hair Care -> Hair Ornaments -> Hair Clips,,
Categories -> Grooming -> Hair Care -> Hair Styling Products -> All Hair Styling Products,,
Categories -> Care -> Hair Care -> Hair Styling Products -> Hair Gel,,
Categories -> Grooming -> Hair Care -> Hair Styling Products -> Hair Spray,,
Categories -> Grooming -> Hair Care -> Hair Styling Products -> Hair Mousse,,
Categories -> Grooming -> Hair Care -> Hair Styling Tools -> All Hair Styling Tools,,
Categories -> Grooming -> Hair Care -> Hair Styling Tools -> Brushes and Combs,,
Categories -> Grooming -> Hair Care -> Hair Styling Tools -> Hair Bows,,
Categories -> Grooming -> Hair Care -> All Hair Care Products,,
Categories -> Grooming -> Hair Care -> Shampoo,,
Categories -> Grooming -> Hair Care -> Conditioner,,
Categories -> Grooming -> Hair Care -> Shampoo + Conditioner,,
Categories -> Grooming -> Hair Care -> Dry Shampoo,,
Categories -> Grooming -> Hair Care -> Therapeutic Shampoo,,
Categories -> Grooming -> Hair Care -> Hair Filler,,
Categories -> Grooming -> Oral Hygiene -> Toothpastes -> All Toothpaste Products,,
Categories -> Care -> Oral Hygiene -> Toothpastes -> Toothpastes for Sensitive Teeth,,
Categories -> Grooming -> Oral Hygiene -> Toothpastes -> Whitening Toothpastes,,
Categories -> Care -> Oral Hygiene -> Toothpastes -> Toothpaste for Gum Care,,
Categories -> Grooming -> Oral Hygiene -> Toothpastes -> Natural Toothpastes,,
Categories -> Grooming -> Oral Hygiene -> Toothpastes -> Adult Toothpastes,,
Categories -> Grooming -> Oral Hygiene -> Toothpastes -> Children Toothpastes,,
Categories -> Grooming -> Oral Hygiene -> Toothbrushes -> All Toothbrush Products,,
Categories -> Grooming -> Oral Hygiene -> Toothbrushes -> Children Toothbrushes,,
Categories -> Grooming -> Oral Hygiene -> Toothbrushes -> Interdental Brushes,,
Categories -> Grooming -> Oral Hygiene -> Toothbrushes -> Adult Toothbrushes,,
Categories -> Grooming -> Oral Hygiene -> Toothbrushes -> Adult Electric Toothbrushes,,
Categories -> Grooming -> Oral Hygiene -> Toothbrushes -> Children's Electric Toothbrushes,,
Categories -> Grooming -> Oral Hygiene -> Dental Cleaning & Toothpicks -> All Dental And Toothpaste Cleaning Products,,
Categories -> Care -> Oral Hygiene -> Dental Cleaning and Toothpicks -> Dental Water Jet,,
Categories -> Grooming -> Oral Hygiene -> Dental Cleaning & Toothpicks -> Floss,,
Categories -> Care -> Oral Hygiene -> Dental Cleaning and Toothpicks -> Toothpicks,,
Categories -> Grooming -> Oral Hygiene -> Mouthwash -> All Mouthwash Products,,
Categories -> Grooming -> Oral Hygiene -> Mouthwash -> Mouthwash Children,,
Categories -> Grooming -> Oral Hygiene -> Mouthwash -> Mouthwash Adults,,
Categories -> Grooming -> Oral Hygiene -> Toothbrush Accessories -> All Toothbrush Accessories Products,,
Categories -> Grooming -> Oral Hygiene -> Toothbrush Accessories -> Replacement Heads for Adult Toothbrushes,,
Categories -> Grooming -> Oral Hygiene -> Toothbrush Accessories -> Replacement Heads For Kids Toothbrushes,,
Categories -> Grooming -> Oral Hygiene -> Dentures -> All Denture Products,,
Categories -> Grooming -> Oral Hygiene -> Dentures -> Denture Cleaning,,
Categories -> Grooming -> Oral Hygiene -> Dentures -> Dental Adhesives,,
Categories -> Grooming -> Oral Hygiene -> All Oral Hygiene Products,,
Categories -> Grooming -> Oral Hygiene -> Teeth Whitening,,
Categories -> Grooming -> Oral Hygiene -> Tongue Cleaner,,
Categories -> Grooming -> Deodorants -> Deodorant for Women -> All Deodorant for Women Products,,
Categories -> Grooming -> Deodorants -> Deodorant for Women -> Body Spray for Women,,
Categories -> Grooming -> Deodorants -> Deodorant for Women -> Deodorant Spray for Women,,
Categories -> Grooming -> Deodorants -> Deodorant For Women -> Deodorant Roll On For Women,,
Categories -> Care -> Deodorants -> Deodorant for Women -> Deodorant Gel for Women,,
Categories -> Care -> Deodorants -> Deodorant for Women -> Deodorant Cream for Women,,
Categories -> Grooming -> Deodorants -> Deodorant for Women -> Deodorant Stick for Women,,
Categories -> Grooming -> Deodorants -> Deodorant for Men -> All Deodorant Products for Men,,
Categories -> Care -> Deodorants -> Deodorant for Men -> Deodorant Gel for Men,,
Categories -> Care -> Deodorants -> Deodorant for Men -> Deodorant Cream for Men,,
Categories -> Care -> Deodorants -> Deodorant for Men -> Deodorant Spray for Men,,
Categories -> Grooming -> Deodorants -> Deodorant for Men -> Deodorant Stick for Men,,
Categories -> Grooming -> Deodorants -> Deodorant for Men -> Deodorant Roll On for Men,,
Categories -> Grooming -> Deodorants -> Deodorant for Men -> Body Spray for Men,,
Categories -> Grooming -> Deodorants -> Unisex Deodorant -> All Unisex Deodorant Products,,
Categories -> Grooming -> Deodorants -> Unisex Deodorant -> Unisex Roll Deodorant,,
Categories -> Care -> Deodorants -> Unisex Deodorant -> Unisex Cream Deodorant,,
Categories -> Care -> Deodorants -> Unisex Deodorant -> Unisex Stick Deodorant,,
Categories -> Care -> Deodorants -> All Deodorant Products,,
Categories -> Care -> Deodorants -> Deodorant Gel,,
Categories -> Grooming -> Deodorants -> Body Spray,,
Categories -> Care -> Deodorants -> Deodorant Spray,,
Categories -> Care -> Deodorants -> Deodorant Cream,,
Categories -> Grooming -> Deodorants -> Deodorant Stick,,
Categories -> Grooming -> Deodorants -> Roll-On Deodorant,,
Categories -> Grooming -> Shaving & Hair Removal -> Women's Shaving & Hair Removal -> All Women's Shaving & Hair Removal Products,,
Categories -> Grooming -> Shaving & Hair Removal -> Women's Shaving & Removal -> Reusable Razors,,
Categories -> Grooming -> Shaving & Hair Removal -> Women's Shaving & Hair Removal -> Disposable Razors,,
Categories -> Grooming -> Shaving & Hair Removal -> Men -> All Men's Products,,
Categories -> Grooming -> Shaving & Hair Removal -> Men -> Men's Shaving Foam,,
Categories -> Grooming -> Shaving & Hair Removal -> Men -> Blades for Men Shaving Knife,,
Categories -> Grooming -> Shaving & Hair Removal -> Men -> Disposable Razor,,
Categories -> Grooming -> Shaving & Hair Removal -> Men -> After Shave,,
Categories -> Grooming -> Shaving & Hair Removal -> Men -> Reusable Razor,,
Categories -> Grooming -> Shaving & Hair Removal -> Wax Hair Removal -> All Wax Hair Removal Products,,
Categories -> Grooming -> Shaving & Hair Removal -> Wax Hair Removal -> Hair Removal Wax,,
Categories -> Grooming -> Shaving & Hair Removal -> Wax Hair Removal -> Hair Removal Cloth Strips,,
Categories -> Grooming -> Shaving & Hair Removal -> Wax Hair Removal -> Wax Hair Removal Strips,,
Categories -> Grooming -> Shaving & Hair Removal -> Shaving Products -> All Shaving Products,,
Categories -> Grooming -> Shaving & Hair Removal -> Shaving Products -> Shaving Cream,,
Categories -> Grooming -> Shaving & Hair Removal -> Shavers -> Shaving lotion,,
Categories -> Grooming -> Shaving & Hair Removal -> Hair Removal Products -> All Hair Removal Products,,
Categories -> Grooming -> Shaving & Hair Removal -> Hair Removal Products -> Hair Removal Cream,,
Categories -> Grooming -> Shaving & Hair Removal -> All Shaving & Hair Removal Products,,
Categories -> Grooming -> Shaving & Hair Removal -> Hair Removal Devices,,
Categories -> Grooming -> Shaving & Hair Removal -> Shaving Gel,,
Categories -> Care -> Bath and Body Cleansing -> All Bath and Body Cleansing Products,,
Categories -> Care -> Bath and Body Cleansing -> Bath Lotion,,
Categories -> Care -> Bath and Body Cleansing -> Shower Gel,,
Categories -> Care -> Bath and Body Cleansing -> Bath Bombs,,
Categories -> Care -> Bath and Body Cleansing -> Makeup Removal Pads,,
Categories -> Care -> Bath and Body Cleansing -> Cotton swabs,,
Categories -> Care -> Bath and Body Cleansing -> Cotton Balls,,
Categories -> Care -> Bath and Body Cleansing -> Bath Sponges and Loops,,
Categories -> Care -> Bath and Body Cleansing -> Salts and Bath Oils,,
Categories -> Care -> Bath and Body Cleansing -> Solid Soap,,
Categories -> Care -> Bath and Body Cleansing -> Bath Brushes,,
Categories -> Grooming -> Bath & Body Cleansing -> Shower Caps,,
Categories -> Care -> Bath and Body Cleansing -> Wet Wipes for Adults,,
Categories -> Care -> Bath and body cleansing -> Disinfectants and hand wipes,,
Categories -> Care -> Bath & Body Cleansing -> Liquid Hand Soap,,
Categories -> Grooming -> Hygiene products for women -> Tampons -> All tampon products,,
Categories -> Grooming -> Hygiene Products for Women -> Tampons -> Tampons with applicator,,
Categories -> Grooming -> Hygiene Products for Women -> Tampons -> Tampons without applicator,,
Categories -> Grooming -> Hygiene products for women -> Postpartum -> All postpartum products,,
Categories -> Grooming -> Women's Hygiene Products -> Postpartum -> Postpartum Absorbent Underwear,,
Categories -> Grooming -> Women's Hygiene Products -> Postpartum -> Postpartum Mesh Underwear,,
Categories -> Grooming -> Hygiene products for women -> All hygiene products for women,,
Categories -> Grooming -> Hygiene products for women -> Bottom protectors,,
Categories -> Grooming -> Hygiene products for women -> Sanitary pads,,
Categories -> Grooming -> Hygiene products for women -> Rinses and ointments for female hygiene,,
Categories -> Grooming -> Hygiene products for women -> Test fabrics,,
Categories -> Grooming -> Hygiene products for women -> Cysts,,
Categories -> Grooming -> Hygiene products for women -> Intimate wipes,,
Categories -> Care -> Sun protection and tanning -> All sun protection and tanning products,,
Categories -> Grooming -> Sun protection and tanning -> Therapeutic sun protection creams,,
Categories -> Grooming -> Sun Protection and Tanning -> After Tanning,,
Categories -> Grooming -> Sun protection and tanning -> Face sunscreen,,
Categories -> Care -> Sun protection and tanning -> Sunscreen for the body,,
Categories -> Grooming -> Sun Protection and Tanning -> Protection Spray,,
Categories -> Care -> Sun protection and tanning -> Sun protection for children,,
Categories -> Care -> Child Care -> All Child Care Products,,
Categories -> Care -> Child Care -> Shampoo for Children,,
Categories -> Care -> Child Care -> Easy Combing,,
Categories -> Care -> Child Care -> Conditioner for Children,,
Categories -> Care -> Child Care -> Bath Soaps for Children,,
Categories -> Grooming -> Child Grooming -> Kids Bath Foam,,
Categories -> Care -> Facial Care -> Masks and Skin Peels -> All Skin Masks and Exfoliating Products,,
Categories -> Care -> Facial Care -> Masks and Skin Peels -> Masks,,
Categories -> Care -> Face Care -> Masks and Skin Peels -> Peels,,
Categories -> Grooming -> Facial Care -> Facial Cleansing -> All Facial Cleansing Products,,
Categories -> Care -> Facial Care -> Facial Cleansing -> Facial Skin Cleansing Kits,,
Categories -> Grooming -> Facial Care -> Facial Cleanser -> Grain Cream,,
Categories -> Care -> Facial Care -> Facial Cleansing -> Facial Cleansing Milk,,
Categories -> Grooming -> Facial Care -> Facial Cleansing -> Facial Cleansing Swabs,,
Categories -> Grooming -> Facial Care -> Facial Cleansing -> Makeup Removal Wipes,,
Categories -> Grooming -> Facial Care -> Facial Cleansing -> Facial Water,,
Categories -> Grooming -> Facial Care -> Facial Cleansing -> Makeup Remover,,
Categories -> Grooming -> Facial Care -> Facial Cleansing -> Liquid Soap for the Face,,
Categories -> Care -> Face Care -> Face Cream -> All Face Cream Products,,
Categories -> Care -> Face Care -> Face Cream -> Night Cream,,
Categories -> Care -> Face Care -> Face Cream -> Moisturizer for the face,,
Categories -> Care -> Face Care -> Face Cream -> Day Cream,,
Categories -> Grooming -> Facial Care -> All Facial Care Products,,
Categories -> Care -> Facial Care -> Moisturizers for lips,,
Categories -> Grooming -> Facial Care -> Lipsticks,,
Categories -> Grooming -> Facial Care -> Facial Oil,,
Categories -> Grooming -> Facial Care -> Facial Serum,,
Categories -> Grooming -> Facial Care -> Anti-Aging Kits,,
Categories -> Care -> Body Care -> All Body Care Products,,
Categories -> Care -> Body Care -> Body Care Packs,,
Categories -> Care -> Body Care -> Multi-Use Cream,,
Categories -> Care -> Body Care -> Hand Cream,,
Categories -> Care -> Body Care -> Body Lotion,,
Categories -> Care -> Body Care -> Body Oil,,
Categories -> Care -> Body Care -> Foot Cream,,
Categories -> Care -> Body Care -> Stretch Marks,,
Categories -> Care -> Eye Care -> All Eye Care Products,,
Categories -> Care -> Eye Care -> Eye Gel,,
Categories -> Care -> Eye Care -> Eye Cream,,
Categories -> Grooming -> Beard Care -> All Beard Care Products,,
Categories -> Grooming -> Beard Care -> Beard Oil,,
Categories -> Grooming -> Beard Care -> Wax for the Beard,,
Categories -> Grooming -> Beard Grooming -> Beard Balm,,
Categories -> Grooming -> Beard Grooming -> Beard Comb,,
Categories -> Grooming -> Beard Care -> Beard Shampoo,,
Categories -> Care -> Foot Care -> All Foot Care Products,,
Categories -> Care -> Foot Care -> Deodorant for the feet,,
Categories -> Grooming -> Foot Care -> Pedicure Accessories,,
Categories -> Grooming -> Foot Care -> Pedicures,,
Categories -> Care -> Foot Care -> Plasters,,
Categories -> Care -> Ear Care & Cleaning -> All Ear Care & Cleaning Products,,
Categories -> Grooming -> Ear Care & Cleaning -> Ear Sticks,,
Categories -> Grooming -> Ear Care & Cleaning -> Earplugs,,
Categories -> Grooming -> Mosquito protection -> All mosquito protection products,,
Categories -> Grooming -> Mosquito Protection -> Mosquito Repellent Wipes,,
Categories -> Grooming -> Mosquito Protection -> Roll On Mosquito Repellent,,
Categories -> Grooming -> Mosquito Protection -> Mosquito Repellent Gel,,
Categories -> Grooming -> Mosquito protection -> Mosquito repellent body oil,,
Categories -> Grooming -> Mosquito Protection -> Mosquito Repellent Bracelets,,
Categories -> Grooming -> Mosquito protection -> Mosquito repellent spray,,
Categories -> Grooming -> Tanning -> All Tanning Products,,
Categories -> Grooming -> Tanning -> Tanning Oil,,
Categories -> Grooming -> All Grooming Products,,
Categories -> Grooming -> Dermocosmetics,,
Categories -> Cosmetics -> Perfumes -> All Perfume Products,,
Categories -> Cosmetics -> Perfumes -> Perfumes for women,,
Categories -> Cosmetics -> Perfumes -> Perfumes for men,,
Categories -> Cosmetics -> Perfumes -> Unisex Perfumes,,
Categories -> Cosmetics -> Perfumes -> Women Fragrance Care,,
Categories -> Cosmetics -> Perfumes -> Men's perfume care,,
Categories -> Cosmetics -> Perfumes -> Women perfume packages,,
Categories -> Cosmetics -> Perfumes -> Men's perfume packages,,
Categories -> Cosmetics -> Perfumes -> Women's Boutique Perfumes,,
Categories -> Cosmetics -> Perfumes -> Unisex Boutique Perfumes,,
Categories -> Cosmetics -> Perfumes -> Men's Boutique Perfumes,,
Categories -> Cosmetics -> Perfumes -> Perfumes up to NIS 50,,
Categories -> Cosmetics -> Cultivation of Cosmetic Brands -> Creams -> All Cream Products,,
Categories -> Cosmetics -> Cosmetic Brand Care -> Creams -> Moisturizer / Day,,
Categories -> Cosmetics -> Cultivating Cosmetic Brands -> Creams -> Night Cream,,
Categories -> Cosmetics -> Cosmetic Brand Care -> Creams -> Eye Cream,,
Categories -> Cosmetics -> Cosmetic Brand Care -> All Cosmetic Brand Care Products,,
Categories -> Cosmetics -> Nurturing Cosmetic Brands -> Facial Cleanser,,
Categories -> Cosmetics -> Cosmetic Brand Care -> Men's Care Products,,
Categories -> Cosmetics -> Cultivation of cosmetic brands -> Face and body masks,,
Categories -> Cosmetics -> Nurturing Cosmetic Brands -> Sun Protection,,
Categories -> Cosmetics -> Nurturing Cosmetic Brands -> Self Tanning,,
Categories -> Cosmetics -> Cosmetic brand care -> Serum and skin care,,
Categories -> Cosmetics -> Cosmetic Brand Care -> Body Care,,
Categories -> Cosmetics -> Facial makeup -> All facial makeup products,,
Categories -> Cosmetics -> Facial makeup -> Basics and concealers,,
Categories -> Cosmetics -> Facial makeup -> Blushes and bronzers,,
Categories -> Cosmetics -> Facial makeup -> Highlighter and luminaires,,
Categories -> Cosmetics -> Facial makeup -> Make up,,
Categories -> Cosmetics -> Face Makeup -> Powder,,
Categories -> Cosmetics -> Facial makeup -> Shimmers,,
Categories -> Cosmetics -> Eye Makeup -> All Eye Makeup Products,,
Categories -> Cosmetics -> Eye Makeup -> Eye Pencil,,
Categories -> Cosmetics -> Eye Makeup -> Mascara,,
Categories -> Cosmetics -> Eye Makeup -> Eyeliner,,
Categories -> Cosmetics -> Eye Makeup -> Eyeshadow,,
Categories -> Cosmetics -> Eye Makeup -> False Eyelashes,,
Categories -> Cosmetics -> Lip Makeup -> All Lip Makeup Products,,
Categories -> Cosmetics -> Lip Makeup -> Lip Gloss,,
Categories -> Cosmetics -> Lip Makeup -> Lipstick,,
Categories -> Cosmetics -> Lip Makeup -> Lip Pencil,,
Categories -> Cosmetics -> Eyebrow Makeup -> All Eyebrow Makeup Products,,
Categories -> Cosmetics -> Eyebrow Makeup -> Eyebrow Gel,,
Categories -> Cosmetics -> Eyebrow Makeup -> Eyebrow Pencils,,
Categories -> Cosmetics -> Eyebrow Makeup -> Eyebrow Makeup Palettes,,
Categories -> Cosmetics -> Eyebrow Makeup -> Eyebrow Eyeshadow,,
Categories -> Cosmetics -> Eyebrow Makeup -> Eyebrow Mascara,,
Categories -> Cosmetics -> Makeup Kits -> All Makeup Kits Products,,
Categories -> Cosmetics -> Makeup Kits -> Makeup Kits,,
Categories -> Cosmetics -> Makeup Tools -> All Makeup Tool Products,,
Categories -> Cosmetics -> Makeup Tools -> Face Mirrors,,
Categories -> Cosmetics -> Makeup Tools -> Eyelash Circle,,
Categories -> Cosmetics -> Makeup Tools -> Tweezers,,
Categories -> Cosmetics -> Makeup Tools -> Makeup Brushes,,
Categories -> Cosmetics -> Makeup Tools -> Makeup Swabs,,
Categories -> Cosmetics -> Nail Care -> All Nail Care Products,,
Categories -> Cosmetics -> Nail Care -> Nail Polish Remover,,
Categories -> Cosmetics -> Nail Care -> Nail Polish,,
Categories -> Cosmetics -> Nail Care -> Artificial Nails,,
Categories -> Cosmetics -> Nail Care -> Cuticle Conditioners,,
Categories -> Cosmetics -> Nail Care -> Nails,,
Categories -> Cosmetics -> Nail Care -> Nail Polish Drying,,
Categories -> Cosmetics -> Nail Care -> Nourishing Nail Oils,,
Categories -> Cosmetics -> Nail Care -> Nail Strengthener,,
Categories -> Cosmetics -> Nail Care -> Gel Nail Polish,,
Categories -> Cosmetics -> All Cosmetics,,
Categories -> Cosmetics -> Luxury Brands,,
Categories -> Cosmetics -> Reduced size products,,
Categories -> Babies and Toddlers -> Baby Care -> All Baby Care Products,,
Categories -> Babies and Toddlers -> Baby Care -> Baby Body Oil,,
Categories -> Babies and Toddlers -> Baby Care -> Sunscreen for Baby,,
Categories -> Babies and Toddlers -> Baby Care -> Baby Face Cream,,
Categories -> Babies and Toddlers -> Baby Care -> Talk,,
Categories -> Babies and Toddlers -> Baby Care -> Rhinitis Cleaners,,
Categories -> Babies and Toddlers -> Baby Care -> Baby Toothpastes,,
Categories -> Babies and Toddlers -> Baby Care -> Baby Toothbrushes,,
Categories -> Babies and Toddlers -> Baby Care -> Nail Care,,
Categories -> Babies and Toddlers -> Baby Care -> Baby Hair Brushes and Combs,,
Categories -> Babies and Toddlers -> Baby Care -> Baby Body Lotion,,
Categories -> Babies & Toddlers -> Baby Care -> Baby Care & Kits,,
Categories -> Babies and Toddlers -> Baby Bathing -> All Baby Bathing Products,,
Categories -> Babies and Toddlers -> Baby Bathing -> Baby Shampoo,,
Categories -> Babies and Toddlers -> Baby Bathing -> Baby Bath Soap,,
Categories -> Babies and Toddlers -> Baby Bathing -> Baby Bath Oil,,
Categories -> Babies and Toddlers -> Baby Bathing -> Hair Wash Cup,,
Categories -> Babies and Toddlers -> Baby Bathing -> Baby Bath Foam,,
Categories -> Babies and Toddlers -> Baby Bathing -> Baths and Baby Bath Seats,,
Categories -> Babies and Toddlers -> Baby Bathing -> 2 in 1 Soap for Baby,,
Categories -> Babies and Toddlers -> Baby Bathing -> Towels and Bathrobes,,
Categories -> Babies and Toddlers -> Breastfeeding and Feeding -> All Breastfeeding and Feeding Products,,
Categories -> Babies and Toddlers -> Breastfeeding and Feeding -> Baby Food Preparation Devices,,
Categories -> Babies and Toddlers -> Breastfeeding and Feeding -> Thermoses and Heat and Cold Keepers for Baby Bottles,,
Categories -> Babies and Toddlers -> Breastfeeding and Feeding -> Dividers,,
Categories -> Babies and Toddlers -> Breastfeeding and Feeding -> Nutritional Drinks and Smoothies for Toddlers,,
Categories -> Babies and Toddlers -> Breastfeeding and Feeding -> Breastfeeding Storage Bags,,
Categories -> Babies and Toddlers -> Breastfeeding and Feeding -> Containers for storing breast milk,,
Categories -> Babies and Toddlers -> Breastfeeding and Feeding -> Special formulas for babies,,
Categories -> Babies and Toddlers -> Breastfeeding and Feeding -> Baby Porridge and Animals,,
Categories -> Babies and Toddlers -> Breastfeeding and Feeding -> Nipple Ointment,,
Categories -> Babies and Toddlers -> Breastfeeding and Feeding -> Baby Bottle Warmers,,
Categories -> Babies and Toddlers -> Breastfeeding and Feeding -> Breastfeeding Pillow Covers,,
Categories -> Babies and Toddlers -> Breastfeeding and Feeding -> Baby Bottle Dryers,,
Categories -> Babies and Toddlers -> Breastfeeding and Feeding -> Breastfeeding Pillows,,
Categories -> Babies and Toddlers -> Breastfeeding and Feeding -> Breast Pumps,,
Categories -> Babies and Toddlers -> Breastfeeding and Feeding -> Baby Bottle Sterilizers,,
Categories -> Babies and Toddlers -> Breastfeeding and Feeding -> Brushes and Soap for Baby Bottles,,
Categories -> Babies and Toddlers -> Breastfeeding and Feeding -> Baby Bottle Nipples,,
Categories -> Babies and Toddlers -> Breastfeeding and Feeding -> Milk Substitutes,,
Categories -> Babies and Toddlers -> Breastfeeding and Feeding -> Baby Bottles,,
Categories -> Babies and Toddlers -> Breastfeeding and Feeding -> Breast Pump Accessories,,
Categories -> Babies and Toddlers -> Breastfeeding and Feeding -> Baby Utensils,,
Categories -> Babies and Toddlers -> Breastfeeding and Feeding -> Pads and Breastfeeding Protectors,,
Categories -> Babies and Toddlers -> Breastfeeding and Feeding -> Fruit Filter for Baby,,
Categories -> Babies and Toddlers -> Breastfeeding and Feeding -> Toddler Cups,,
Categories -> Babies and Toddlers -> Breastfeeding and Feeding -> Breastfeeding Aprons,,
Categories -> Babies and Toddlers -> Breastfeeding and Feeding -> Eating Aprons,,
Categories -> Babies and Toddlers -> Breastfeeding and Feeding -> Baby Snacks,,
Categories -> Babies and Toddlers -> Breastfeeding and Feeding -> Feeding Seats,,
Categories -> Babies and Toddlers -> Pacifiers and Teethers -> All Pacifier and Teethers Products,,
Categories -> Babies and Toddlers -> Pacifiers and Teethers -> Latex Pacifiers,,
Categories -> Babies and Toddlers -> Pacifiers and Teethers -> Silicone Pacifiers,,
Categories -> Babies and Toddlers -> Pacifiers and Teethers -> Boxes for Pacifiers,,
Categories -> Babies and Toddlers -> Pacifiers and Teethers -> Teethers,,
Categories -> Babies and Toddlers -> Pacifiers and Teethers -> Pacifiers and Holders for Pacifiers,,
Categories -> Babies and Toddlers -> Swaddle -> All Swaddle Products,,
Categories -> Babies and Toddlers -> Diaper -> Used Diaper Tins,,
Categories -> Babies and Toddlers -> Diaper -> Dispensers and Warmers for Baby Wipes,,
Categories -> Babies and Toddlers -> Swaddle -> Swaddle pads and covers,,
Categories -> Babies and Toddlers -> Diaper -> Swimming Diapers,,
Categories -> Babies and Toddlers -> Diaper -> Wet Wipes,,
Categories -> Babies and Toddlers -> Diaper -> Used Diaper Bags,,
Categories -> Babies and Toddlers -> Diaper -> Diapers 3-6,,
Categories -> Babies and Toddlers -> Diaper -> New Born Diapers 0-2,,
Categories -> Babies and Toddlers -> Swaddle -> Swaddle Ointment,,
Categories -> Babies and Toddlers -> Swaddle -> Swaddle Kits,,
Categories -> Babies and Toddlers -> Diaper Weaning -> All Diaper Weaning Products,,
Categories -> Babies and Toddlers -> Diaper Weaning -> Weaning Diapers,,
Categories -> Babies and Toddlers -> Diaper Weaning -> Diaper Weaning Kits,,
Categories -> Babies and Toddlers -> Diaper Weaning -> Toilet Reducers,,
Categories -> Babies and Toddlers -> Kits and Cases -> All Kits and Cases Products,,
Categories -> Babies and Toddlers -> Kits and Packs -> Birth Gift Sets,,
Categories -> Babies and Toddlers -> Kits and Cases -> Baby Kits and Cases,,
Categories -> Babies and Toddlers -> Baby Clothing -> All Baby Clothing Products,,
Categories -> Babies and Toddlers -> Baby Clothing -> Shoes,,
Categories -> Babies and Toddlers -> Baby Clothing -> Lingerie,,
Categories -> Babies and Toddlers -> Baby Clothing -> Clothes,,
Categories -> Babies and Toddlers -> Baby Safety -> All Baby Safety Products,,
Categories -> Babies and Toddlers -> Baby Safety -> Harnesses and Straps for Child Safety,,
Categories -> Babies and Toddlers -> Baby Safety -> Bath Protectors,,
Categories -> Babies and Toddlers -> Baby Safety -> Corner Protectors,,
Categories -> Babies and Toddlers -> Baby Safety -> Baby Monitor,,
Categories -> Babies and Toddlers -> Baby Safety -> Booster Seats,,
Categories -> Babies and Toddlers -> Baby Safety -> Baby Safety Locks and Protectors,,
Categories -> Babies and Toddlers -> Baby Safety -> Gates and Railings,,
Categories -> Babies & Toddlers -> Toys & Baby Equipment -> All Baby Toys & Baby Equipment,,
Categories -> Babies and Toddlers -> Toys and Baby Activity Equipment -> Crawler Encouraging Toys,,
Categories -> Babies and Toddlers -> Toys and Baby Activity Equipment -> Baby Walkers,,
Categories -> Babies & Toddlers -> Toys & Baby Activity Equipment -> Baby Bath Toys,,
Categories -> Babies and Toddlers -> Toys and Baby Activity Equipment -> Acting Dolls,,
Categories -> Babies and Toddlers -> Toys and Baby Equipment -> Picnic Blankets,,
Categories -> Babies and Toddlers -> Toys and Baby Activity Equipment -> Crib Toys,,
Categories -> Babies and Toddlers -> Toys and Baby Activity Equipment -> Learning & Developmental Toys,,
Categories -> Babies and Toddlers -> Toys and Baby Activity Equipment -> Stroller Toys,,
Categories -> Babies and Toddlers -> Toys and Baby Activity Equipment -> Activity Mattresses,,
Categories -> Babies and Toddlers -> Toys and Baby Activity Equipment -> Baby University and Activity Areas,,
Categories -> Babies and Toddlers -> Toys and Baby Activity Equipment -> Cloth Dolls,,
Categories -> Babies & Toddlers -> Baby Toys & Equipment -> Music & Sounds,,
Categories -> Babies and Toddlers -> Toys and Baby Activity Equipment -> Car Toys,,
Categories -> Babies and Toddlers -> Toys and Baby Activity Equipment -> Baby Mobile,,
Categories -> Babies and Toddlers -> Toys and Baby Activity Equipment -> Swings and Trampolines for Babies,,
Categories -> Babies and Toddlers -> Toys and Baby Activity Equipment -> Activity Table,,
Categories -> Babies & Toddlers -> Toys & Baby Activity Equipment -> Toddler Books,,
Categories -> Babies and Toddlers -> Baby Bedding -> All Baby Bedding Products,,
Categories -> Babies and Toddlers -> Baby Bedding -> Baby Bed Head Protectors,,
Categories -> Babies and Toddlers -> Baby Bedding -> Fearful,,
Categories -> Babies and Toddlers -> Baby Bedding -> Baby Pillowcase,,
Categories -> Babies and Toddlers -> Baby Bedding -> Baby Bedding Set,,
Categories -> Babies and Toddlers -> Baby Bedding -> Baby Pillows,,
Categories -> Babies and Toddlers -> Baby Bedding -> Baby Blanket Pillowcase,,
Categories -> Babies and Toddlers -> Baby Bedding -> Baby Blankets,,
Categories -> Babies and Toddlers -> Baby Bedding -> Blankets and Cloth Diapers,,
Categories -> Babies and Toddlers -> Baby Bedding -> Baby Sheets,,
Categories -> Babies and Toddlers -> Baby and Child Safety Seats -> All Baby and Child Safety Seats Products,,
Categories -> Babies and Toddlers -> Baby and Child Safety Seats -> Booster,,
Categories -> Babies and Toddlers -> Baby and Child Safety Seats -> Baby and Toddler Safety Seats Accessories,,
Categories -> Babies and Toddlers -> Baby and Child Safety Seats -> Car Safety Chair,,
Categories -> Babies and Toddlers -> Baby and Child Safety Seats -> Slippers,,
Categories -> Babies and Toddlers -> Strollers and Carriers -> All Stroller & Carrier Products,,
Categories -> Babies and Toddlers -> Strollers and Carriers -> Baby Strollers,,
Categories -> Babies and Toddlers -> Strollers and Carriers -> Baby Carriers,,
Categories -> Babies and Toddlers -> Strollers and Carriers -> Strollers,,
Categories -> Babies and Toddlers -> Strollers and Carriers -> Parts and Accessories for Strollers and Carriers,,
Categories -> Babies & Toddlers -> Strollers & Carriers -> Upholstery & Mattress Cushions & Strollers,,
Categories -> Babies & Toddlers -> Baby Room Furniture -> All Baby Room Furniture Products,,
Categories -> Babies and Toddlers -> Baby Room Furniture -> Baby Mattresses,,
Categories -> Babies and Toddlers -> Baby Room Furniture -> Aisle Beds,,
Categories -> Babies and Toddlers -> Baby Room Furniture -> Baby Laundry Basket,,
Categories -> Babies and Toddlers -> Baby Room Furniture -> Cots,,
Categories -> Babies and Toddlers -> Baby Room Furniture -> Camping Playpens,,
Categories -> Babies and Toddlers -> Baby Room Furniture -> Baby Night Lamps,,
Categories -> Babies and Toddlers -> Baby Room Furniture -> Cribs,,
Categories -> Babies and Toddlers -> All Baby and Toddler Products,,
Categories -> Health -> Over-the-counter medications -> Babies and children -> All baby and children products,,
Categories -> Health -> Over-the-counter medications -> Infants and children -> Fever and pain,,
Categories -> Health -> Over-the-counter medications -> Hemorrhoids -> All hemorrhoid products,,
Categories -> Health -> Over-the-counter drugs -> Hemorrhoids -> Hemorrhoids,,
Categories -> Health -> Over-the-Counter Medications -> Digestive and Heartburn System -> All Digestive and Heartburn Products,,
Categories -> Health -> Over-the-Counter Medications -> Digestive and Heartburn System -> Over-the-Counter Medications,,
Categories -> Health -> Over-the-counter medications -> All over-the-counter medications,,
Categories -> Health -> Over-the-counter medications -> Muscle and back pain,,
Categories -> Health -> Over-the-counter medications -> Allergies,,
Categories -> Health -> Over-the-counter medications -> Breathing and nose,,
Categories -> Health -> Over-the-counter medications -> Pain and fever,,
Categories -> Health -> Over-the-counter medications -> Mouthwashes and aphthous ulcers,,
Categories -> Health -> Over-the-counter medications -> Sedatives and sleep,,
Categories -> Health -> Over-the-counter medications -> Quit smoking,,
Categories -> Health -> Over-the-counter drugs -> Calcium,,
Categories -> Health -> Over-the-counter medications -> Contraception,,
Categories -> Health -> Over-the-counter medications -> Cough and throat colds,,
Categories -> Health -> Over-the-counter medications -> Skin,,
Categories -> Health -> Over-the-counter medications -> External use,,
Categories -> Health -> Over-the-counter medications -> Hair,,
Categories -> Health -> Over-the-counter drugs -> Iron,,
Categories -> Health -> Over-the-counter medications -> Eyes,,
Categories -> Health -> Over-the-counter drugs -> impotence,,
Categories -> Health -> Over-the-counter medications -> Medical food,,
Categories -> Health -> Over-the-counter medications -> Blood thinning,,
Categories -> Health -> Dietary Supplements -> Antioxidants -> All Antioxidant Products,,
Categories -> Health -> Dietary Supplements -> Antioxidants -> Turmeric and Curcumin,,
Categories -> Health -> Nutritional Supplements -> Antioxidants -> Antioxidants,,
Categories -> Health -> Dietary Supplements -> Antioxidants -> Q10 Coenzyme,,
Categories -> Health -> Nutritional Supplements -> Multivitamins -> All Multivitamin Products,,
Categories -> Health -> Dietary Supplements -> Multivitamins -> Pregnancy,,
Categories -> Health -> Nutritional Supplements -> Multivitamins -> For Everyone / Miscellaneous,,
Categories -> Health -> Nutritional Supplements -> Multivitamins -> Nutritional Supplements for Kids,,
Categories -> Health -> Dietary Supplements -> Multivitamins -> Women Multivitamins,,
Categories -> Health -> Nutritional Supplements -> Multivitamins -> Multivitamins for Men,,
Categories -> Health -> Nutritional Supplements -> Multivitamins -> For ages 50+,,
Categories -> Health -> Dietary Supplements -> Amino Acids -> All Amino Acid Products,,
Categories -> Health -> Dietary Supplements -> Amino Acids -> Amino Acid Blends,,
Categories -> Health -> Dietary Supplements -> Amino Acids -> BCAAs,,
Categories -> Health -> Nutritional Supplements -> Sports Nutrition -> All Sports Nutrition Products,,
Categories -> Health -> Nutritional Supplements -> Sports Nutrition -> Sports Supplements,,
Categories -> Health -> Dietary Supplements -> Sports Nutrition -> Protein,,
Categories -> Health -> Nutritional Supplements -> Vitamins -> All Vitamin Products,,
Categories -> Health -> Nutritional Supplements -> Vitamins -> 10 - Q,,
Categories -> Health -> Dietary Supplements -> Vitamins -> Vitamin B6,,
Categories -> Health -> Nutritional Supplements -> Vitamins -> Vitamin C.,,
Categories -> Health -> Nutritional Supplements -> Vitamins -> Complexes and Combinations,,
Categories -> Health -> Dietary Supplements -> Vitamins -> Folic Acid,,
Categories -> Health -> Dietary Supplements -> Vitamins -> Vitamin B12,,
Categories -> Health -> Dietary Supplements -> Vitamins -> Vitamin E.,,
Categories -> Health -> Dietary Supplements -> Vitamins -> Vitamin D.,,
Categories -> Health -> Dietary Supplements -> Herbs -> All Herbal Products,,
Categories -> Health -> Dietary Supplements -> Herbs -> Cranberries,,
Categories -> Health -> Dietary Supplements -> Herbs -> Other Herbs,,
Categories -> Health -> Dietary Supplements -> Herbs -> Garlic,,
Categories -> Health -> Dietary Supplements -> Herbs -> Herbal Formulas,,
Categories -> Health -> Dietary Supplements -> Herbs -> Thyme-Silymarin Thistle,,
Categories -> Health -> Dietary Supplements -> Herbs -> Oregano Oil Supplements,,
Categories -> Health -> Dietary Supplements -> Herbs -> Astragalus,,
Categories -> Health -> Nutritional Supplements -> Men's Health -> All Men's Health Products,,
Categories -> Health -> Dietary Supplements -> Men's Health -> Formulas for Men,,
Categories -> Health -> Dietary Supplements -> Male Health -> Prostate Gland,,
Categories -> Health -> Dietary Supplements -> Digestion -> All Digestive Products,,
Categories -> Health -> Dietary Supplements -> Digestion -> Probiotics for Children,,
Categories -> Health -> Dietary Supplements -> Digestion -> Probiotics for Women,,
Categories -> Health -> Dietary Supplements -> Digestion -> Probiotics for Men,,
Categories -> Health -> Dietary Supplements -> Digestion -> Constipation,,
Categories -> Health -> Nutritional Supplements -> Minerals -> All Mineral Products,,
Categories -> Health -> Nutritional Supplements -> Minerals -> Iron,,
Categories -> Health -> Dietary Supplements -> Minerals -> Zinc,,
Categories -> Health -> Nutritional Supplements -> Minerals -> Calcium,,
Categories -> Health -> Nutritional Supplements -> Minerals -> Magnesium,,
Categories -> Health -> Nutritional Supplements -> Bones and Joints -> All Bone and Joint Products,,
Categories -> Health -> Dietary Supplements -> Bones and Joints -> Joint Pain,,
Categories -> Health -> Dietary Supplements -> Bones and Joints -> Collagen,,
Categories -> Health -> Nutritional Supplements -> Fish Oil and Omega Fats -> All Fish Oil and Omega Fats,,
Categories -> Health -> Dietary Supplements -> Fish Oil and Omega Fats -> Chia,,
Categories -> Health -> Dietary Supplements -> Fish Oil and Omega Fats -> Fennel,,
Categories -> Health -> Dietary Supplements -> Fish Oil and Omega Fats -> Flaxseed,,
Categories -> Health -> Nutritional Supplements -> Fish Oil and Omega Fats -> Omega 3,,
Categories -> Health -> Dietary Supplements -> All Dietary Supplement Products,,
Categories -> Health -> Dietary Supplements -> Diabetes,,
Categories -> Health -> Dietary Supplements -> Menopause,,
Categories -> Health -> Dietary Supplements -> Cholesterol,,
Categories -> Health -> Dietary Supplements -> Immune System,,
Categories -> Health -> Dietary Supplements -> Diet,,
Categories -> Health -> Dietary Supplements -> Hair Loss,,
Categories -> Health -> Dietary Supplements -> Cough and Throat,,
Categories -> Health -> Dietary Supplements -> Foods on,,
Categories -> Health -> Nature -> All natural products,,
Categories -> Health -> Nature -> Aromatherapy and Essential Oils,,
Categories -> Health -> Nature -> Body and Massage Oils,,
Categories -> Health -> Nature -> Natural sedative,,
Categories -> Health -> First Aid -> All First Aid Products,,
Categories -> Health -> First Aid -> Detergents and Disinfectants,,
Categories -> Health -> First Aid -> First Aid Kits,,
Categories -> Health -> First Aid -> Dressing,,
Categories -> Health -> First Aid -> Plasters,,
Categories -> Health -> Sex Toys & Accessories -> All Sex Toys & Accessories,,
Categories -> Health -> Toys & Sex Accessories -> Sex Accessories Storage,,
Categories -> Health -> Toys and Sex Accessories -> Double Games,,
Categories -> Health -> Toys and Sex Accessories -> Sex Accessories for Woman,,
Categories -> Health -> Toys and Sex Accessories -> Sex Accessories Cleaning,,
Categories -> Health -> Sex Toys & Accessories -> Chinese Love Eggs,,
Categories -> Health -> Toys and Sex Accessories -> Vibrators,,
Categories -> Health -> Toys and Sex Accessories -> Sex Accessories for Men,,
Categories -> Health -> Toys & Sex Accessories -> Anal Plugs,,
Categories -> Health -> Toys and Sex Accessories -> Intimate Lubricants,,
Categories -> Health -> Toys and sex toys -> External vibrations,,
Categories -> Health -> Sex Toys & Accessories -> Condoms,,
Categories -> Health -> Toys and Sex Accessories -> Mammal Vibrators,,
Categories -> Health -> Measuring and testing instruments -> All measuring and testing instrument products,,
Categories -> Health -> Measuring and testing instruments -> Oxygen meters,,
Categories -> Health -> Measurement & Testing Instruments -> Blood Pressure Monitors,,
Categories -> Health -> Measuring and testing instruments -> Temperature and humidity meters for the room,,
Categories -> Health -> Measurement & Testing Instruments -> Pregnancy Tests,,
Categories -> Health -> Measurement & Testing Instruments -> Human Weight,,
Categories -> Health -> Measuring & Testing Instruments -> Thermometers,,
Categories -> Health -> Measurement & Testing Instruments -> Ovulation Tests,,
Categories -> Health -> Measuring & Testing Instruments -> Sugar Meters,,
Categories -> Health -> Home Medical Devices -> All Home Medical Devices Products,,
Categories -> Health -> Home Medical Devices -> Heating Pillows,,
Categories -> Health -> Home Medical Devices -> Pain Relief Devices,,
Categories -> Health -> Home Medical Devices -> Devices for Health and Skin Care,,
Categories -> Health -> Medical Equipment -> All Medical Equipment Products,,
Categories -> Health -> Medical Equipment -> Syringes and Needles,,
Categories -> Health -> Medical Equipment -> Transparent face shield,,
Categories -> Health -> Medical Equipment -> Face Protection Masks,,
Categories -> Health -> Medical Equipment -> Disposable Gloves,,
Categories -> Health -> Lice -> All lice products,,
Categories -> Health -> Lice -> Lice combs,,
Categories -> Health -> Lice -> Preparations for treating lice,,
Categories -> Health -> Breathing Devices -> All Breathing Devices Products,,
Categories -> Health -> Breathing relief devices -> Salt devices,,
Categories -> Health -> Breathing relief devices -> Inhalers,,
Categories -> Health -> Breathing relief devices -> Cold humidifiers,,
Categories -> Health -> Natural Health -> All Natural Health Products,,
Categories -> Health -> Natural Health -> Massage Devices,,
Categories -> Health -> Natural Health -> Homeopathy,,
Categories -> Health -> Orthopedic Accessories -> All Orthopedic Accessories Products,,
Categories -> Health -> Orthopedic Accessories -> Back Belts,,
Categories -> Health -> Orthopedic Accessories -> Knee Supporters & Stabilizers,,
Categories -> Health -> Orthopedic Accessories -> Back and waist support pillows,,
Categories -> Health -> Orthopedic Accessories -> Insoles,,
Categories -> Health -> Orthopedic Accessories -> Pressure socks,,
Categories -> Health -> Orthopedic Accessories -> Toe Separators,,
Categories -> Health -> Orthopedic Accessories -> Ankle Supports,,
Categories -> Health -> Orthopedic Accessories -> Elbow Supports,,
Categories -> Health -> Orthopedic Accessories -> Wrist Supporters,,
Categories -> Health -> Orthopedic Accessories -> Belly Belts,,
Categories -> Health -> Absorption and Incontinence -> All Absorption and Urinary Incontinence Products,,
Categories -> Health -> Absorption and Incontinence -> Urine Absorption Pads,,
Categories -> Health -> Absorption and Incontinence -> Diapers for Urine Absorption,,
Categories -> Health -> Absorption and incontinence -> Protection of furniture and urinary bedding,,
Categories -> Health -> Absorption and Incontinence -> Absorption Underwear,,
Categories -> Health -> Drug Accessories -> All Drug Accessories Products,,
Categories -> Health -> Medication Accessories -> Medication Boxes and Accessories,,
Categories -> Health -> Pharmaceutical Accessories -> Medical Wipes,,
Categories -> Health -> Hearing Aids & Accessories -> All Hearing Aids & Accessories,,
Categories -> Health -> Hearing Aids and Accessories -> Hidden Tiny Device (CIC),,
Categories -> Health -> Mobility & Accessibility -> All Mobility & Accessibility Products,,
Categories -> Health -> Mobility and Accessibility -> Eating Aids,,
Categories -> Health -> Mobility and Accessibility -> Walkers for the Disabled,,
Categories -> Health -> Mobility and Accessibility -> Nursing Beds,,
Categories -> Health -> Mobility and accessibility -> Gypsum protective cover,,
Categories -> Health -> Mobility and accessibility -> Bath chairs and toilets,,
Categories -> Health -> Mobility and Accessibility -> Home Accessibility Accessories,,
Categories -> Health -> Mobility and accessibility -> Vehicle accessibility aids,,
Categories -> Health -> Mobility and Accessibility -> Sticks and Grips,,
Categories -> Health -> Cannabis -> All Cannabis Products,,
Categories -> Health -> Cannabis -> Cannabis Auxiliary Equipment,,
Categories -> Health -> All health products,,
Categories -> Health -> Eye Care,,
Categories -> Optics -> Contact Lenses -> All Contact Lens Products,,
Categories -> Optics -> Contact Lenses -> Daily,,
Categories -> Optics -> Contact Lenses -> Monthly,,
Categories -> Optics -> Contact Lenses -> Contact Lens Solutions,,
Categories -> Optics -> Contact Lenses -> Biweekly,,
Categories -> Optics -> Contact Lenses -> Storage,,
Categories -> Optics -> Sunglasses -> All Sunglasses Products,,
Categories -> Optics -> Sunglasses -> Sunglasses for Kids,,
Categories -> Optics -> Sunglasses -> Unisex Sunglasses,,
Categories -> Optics -> Eyeglasses -> All eyeglass products,,
Categories -> Optics -> Eyeglasses -> Ready-made reading glasses,,
Categories -> Optics -> Storage and accessories cleaning -> All storage and accessories cleaning products,,
Categories -> Optics -> Cleaning & Accessories -> Glasses Laces,,
Categories -> Optics -> All Optics Products,,
Categories -> Toys and Games -> Toy Accessories -> All Toy Accessories,,
Categories -> Toys and Games -> Toy Accessories -> Ball Pool Accessories,,
Categories -> Toys and Games -> Dolls and Toy Figures -> All Dolls and Toy Figures Products,,
Categories -> Toys and Games -> Dolls and Toy Figures -> Animal Dolls,,
Categories -> Toys and Games -> Dolls and Toy Figures -> Doll Carts,,
Categories -> Toys and Games -> Dolls and Toy Figures -> Doll and Theater Accessories,,
Categories -> Toys and Games -> Dolls and Toy Figures -> Accessories for Dolls and Action Figures,,
Categories -> Toys and Games -> Dolls and Toy Figures -> Game Sets,,
Categories -> Toys and Games -> Dolls and Toy Figures -> Interactive Dolls,,
Categories -> Toys & Games -> Dolls & Toy Figures -> Action & Toy Figures,,
Categories -> Toys and Games -> Dolls and Toy Figures -> Collections,,
Categories -> Toys and Games -> Dolls and Toy Figures -> Dolls,,
Categories -> Toys and Games -> Dolls and Toy Figures -> Dollhouse Accessories,,
Categories -> Toys and Games -> Dolls and Toy Figures -> Doll Houses,,
Categories -> Toys and Games -> Toy Vehicles -> All Toy Vehicle Products,,
Categories -> Toys and Games -> Toy Vehicles -> Trucks and Toy Construction Tools,,
Categories -> Toys and Games -> Toy Vehicles -> Toy Motorcycles,,
Categories -> Toys and Games -> Toy Vehicles -> Toy Trains and Train Sets,,
Categories -> Toys and Games -> Toy Vehicles -> Toy Rescue Vehicles,,
Categories -> Toys and Games -> Toy Vehicles -> Toy Cars,,
Categories -> Toys and Games -> Toy Vehicles -> Toy Aircraft,,
Categories -> Toys and Games -> Toy Vehicles -> Toy Kits for Race Cars and Tracks,,
Categories -> Toys & Games -> Weapons & Robots Toys -> All Weapons & Robot Toys Products,,
Categories -> Toys and Games -> Weapons and Robots Toys -> Robotic Toys,,
Categories -> Toys & Games -> Weapons & Robots Toys -> Toy Weapons & Gadgets,,
Categories -> Toys & Games -> Sports Toys -> All Sports Toys Products,,
Categories -> Toys and Games -> Sports Toys -> Flying Discs,,
Categories -> Toys and Games -> Sports Toys -> Basketball Toys,,
Categories -> Toys and Games -> Sports Toys -> Kurdash,,
Categories -> Toys and Games -> Sports Toys -> Game Balls,,
Categories -> Toys and Games -> Sports Toys -> Fitness Toys,,
Categories -> Toys and Games -> Sports Toys -> Bowling Toys,,
Categories -> Toys and Games -> Sports Toys -> Football Balls Toy,,
Categories -> Toys and Games -> Sports Toys -> Hockey Toys,,
Categories -> Toys and Games -> Musical Toys -> All Musical Toys Products,,
Categories -> Toys and Games -> Musical Toys -> Musical Instruments Toy,,
Categories -> Toys and Games -> Musical Toys -> Toy Karaoke Kits,,
Categories -> Toys & Games -> Musical Toys -> Madonna Microphone Toy,,
Categories -> Toys and Games -> Creative Games -> All Creative Games Products,,
Categories -> Toys and Games -> Craft Games -> Game Dough and Plasticine,,
Categories -> Toys and Games -> Creative Games -> Toy Drawing Boards,,
Categories -> Toys and Games -> Board Games -> Puzzles -> All Puzzle Products,,
Categories -> Toys and Games -> Board Games -> Puzzles -> Mechanical Puzzles,,
Categories -> Toys and Games -> Board Games -> Puzzles -> Puzzles,,
Categories -> Toys and Games -> Board Games -> All Board Games Products,,
Categories -> Toys and Games -> Board Games -> Card Games,,
Categories -> Toys and Games -> Board Games -> Science Kits,,
Categories -> Toys and Games -> Board Games -> Games of Chance,,
Categories -> Toys and Games -> Board Games -> Art Kits,,
Categories -> Toys and Games -> Board Games -> Board Games,,
Categories -> Toys and Games -> Board Games -> Memory Games,,
Categories -> Toys & Games -> Board Games -> Strategy & War Games,,
Categories -> Toys and Games -> Board Games -> Language and Number Games,,
Categories -> Toys and Games -> Board Games -> Thinking Challenge Games,,
Categories -> Toys and Games -> Board Games -> Tile Games,,
Categories -> Toys and Games -> Outdoor Games -> All Outdoor Games Products,,
Categories -> Toys and Games -> Outdoor Games -> Inflatables,,
Categories -> Toys and Games -> Outdoor Games -> Slides,,
Categories -> Toys and Games -> Outdoor Games -> Inflatable Accessories,,
Categories -> Toys and Games -> Outdoor Games -> Playhouses,,
Categories -> Toys and Games -> Outdoor Games -> Sandboxes,,
Categories -> Toys and Games -> Outdoor Games -> Playground Equipment,,
Categories -> Toys and Games -> Outdoor Games -> Game Guns for Kids,,
Categories -> Toys and Games -> Outdoor Games -> Tents and Tunnels for Games,,
Categories -> Toys and Games -> Outdoor Games -> Swings,,
Categories -> Toys and Games -> Outdoor Games -> Trampolines,,
Categories -> Toys and Games -> Outdoor Games -> Walkie Talkie Walkie Talkies,,
Categories -> Toys and Games -> Like Games -> All Like Games Products,,
Categories -> Toys and Games -> Like Games -> Toy Kitchens and Toy Food,,
Categories -> Toys and Games -> Like Games -> Professional Toys and Role Playing,,
Categories -> Toys and Games -> Like Games -> Shopping Toys and Food Items,,
Categories -> Toys and Games -> Like Games -> Grooming Toys,,
Categories -> Toys and Games -> Like Games -> Household Toys for Kids,,
Categories -> Toys and Games -> Like Games -> Toy Electronics,,
Categories -> Toys and Games -> Like Games -> Money and Toy Banking,,
Categories -> Toys and Games -> Like Games -> Toy Tools,,
Categories -> Toys and Games -> Construction Toys -> All Construction Toys Products,,
Categories -> Toys and Games -> Construction Toys -> Interlocking Game Cubes,,
Categories -> Toys and Games -> Construction Toys -> Wooden Cubes,,
Categories -> Toys & Games -> Construction Toys -> Sets of marble tracks,,
Categories -> Toys & Games -> Construction Toys -> Magnetic Toys,,
Categories -> Toys & Games -> Construction Toys -> Construction Set Toys,,
Categories -> Toys and Games -> Construction Toys -> Lego,,
Categories -> Toys and Games -> Educational Toys -> All Educational Toys Products,,
Categories -> Toys and Games -> Educational Toys -> Insect Collection Kits,,
Categories -> Toys and Games -> Educational Toys -> Toy Invoices,,
Categories -> Toys & Games -> Educational Toys -> Science & Cruise Kits,,
Categories -> Toys & Games -> Educational Toys -> Astronomy Toys & Astronomical Models,,
Categories -> Toys and Games -> Educational Toys -> Reading Toys,,
Categories -> Toys and Games -> Educational Toys -> Study Cards,,
Categories -> Toys and Games -> Activity Toys -> All Activity Toys Products,,
Categories -> Toys & Games -> Activity Toys -> Bouncy Rubber Balls,,
Categories -> Toys and Games -> Activity Toys -> Spring Toys,,
Categories -> Toys and Games -> Activity Toys -> Soap Bubble Toys,,
Categories -> Toys and Games -> Activity Toys -> Racket Games with Ball,,
Categories -> Toys and Games -> Activity Toys -> Tent and Ball Pools,,
Categories -> Toys and Games -> Pools and Water Games -> All Pool and Water Games Products,,
Categories -> Toys & Games -> Pools & Water Games -> Bath Toys,,
Categories -> Toys and Games -> Pools and Water Games -> Sea and Sand Toys,,
Categories -> Toys and Games -> Pools and Water Games -> Guns and Water Guns,,
Categories -> Toys and Games -> Pools and Water Games -> Water Inflatables,,
Categories -> Toys and Games -> Pools and Water Games -> Water Toys,,
Categories -> Toys and Games -> Pools and Water Games -> Inflatable Pools,,
Categories -> Toys and Games -> Riding Toys -> All Riding Toys Products,,
Categories -> Toys & Games -> Riding Toys -> Scooters & Scooters,,
Categories -> Toys and Games -> Riding Toys -> Protective and Safety Equipment for Children,,
Categories -> Toys & Games -> Riding Toys -> Pedal Toys,,
Categories -> Toys and Games -> Riding Toys -> Tricycle,,
Categories -> Toys & Games -> Riding Toys -> Swing Toys & Spring Toys,,
Categories -> Toys and Games -> Riding Toys -> Game Horses,,
Categories -> Toys & Games -> Riding Toys -> Electric Riding Toys,,
Categories -> Toys & Games -> Riding Toys -> Balance Bike,,
Categories -> Toys and Games -> Riding Toys -> Bimbos,,
Categories -> Toys & Games -> Consoles & Video Games -> All Console & Video Game Products,,
Categories -> Toys & Games -> Consoles & Video Games -> Gaming Mouse Pad,,
Categories -> Toys & Games -> Consoles & Video Games -> Console Accessories,,
Categories -> Toys & Games -> Consoles & Video Games -> Gaming Headphones,,
Categories -> Toys & Games -> Consoles & Video Games -> Consoles,,
Categories -> Toys & Games -> Consoles & Video Games -> Gaming Tables,,
Categories -> Toys and Games -> Toys on Sign -> All Toys on Sign,,
Categories -> Toys and Games -> Toys on Remote Control -> Robots with Remote Control,,
Categories -> Toys and Games -> Toys on Sign -> Cars and Trucks Toy on Sign,,
Categories -> Toys and Games -> All Toys and Games Products,,
Categories -> Sports and Outdoors -> Camping and Hiking -> All Camping and Hiking Products,,
Categories -> Sports and Outdoors -> Camping and Hiking -> Picnic Utensils,,
Categories -> Sports and Outdoors -> Camping and Hiking -> Mosquito Net,,
Categories -> Sports and Outdoors -> Camping and Hiking -> Telescopes,,
Categories -> Sports and Outdoors -> Camping and Hiking -> Mountaineering and Abseiling,,
Categories -> Sports and Outdoors -> Camping and Hiking -> Tables and Camping Chairs,,
Categories -> Sports and Outdoors -> Camping and Hiking -> Sleeping Bags and Mattresses,,
Categories -> Sports and Outdoors -> Camping and Hiking -> Hammocks and Mats,,
Categories -> Sports and Outdoors -> Camping and Hiking -> Pouches and Money Saving,,
Categories -> Sports and Outdoors -> Camping and Hiking -> Water Carriers,,
Categories -> Sports and Outdoors -> Camping and Hiking -> Lanterns,,
Categories -> Sports and Outdoors -> Camping and Hiking -> Backpacks,,
Categories -> Sports and Outdoors -> Camping and Hiking -> Coolers,,
Categories -> Sports and Outdoors -> Camping and Hiking -> First Aid Bag for Hiking and Car,,
Categories -> Sports and Outdoors -> Camping and Hiking -> Travel Socks,,
Categories -> Sports and Outdoors -> Camping and Hiking -> Tents,,
Categories -> Sports and Outdoors -> Camping and Hiking -> Coffee and Gas Sets,,
Categories -> Sports and Outdoors -> Camping and Hiking -> Preparations for shoes,,
Categories -> Sports and Outdoors -> Camping and Hiking -> Camping Carts,,
Categories -> Sports and Outdoors -> Camping and Hiking -> Bath and Makeup Bags,,
Categories -> Sports & Outdoor -> Yoga & Pilates -> All Yoga & Pilates Products,,
Categories -> Sports and Outdoor -> Yoga and Pilates -> Yoga and Pilates Mattresses,,
Categories -> Sports & Outdoor -> Yoga & Pilates -> Yoga & Pilates Towels,,
Categories -> Sports and Outdoor -> Yoga and Pilates -> Yoga Pillows,,
Categories -> Sports and Outdoor -> Yoga and Pilates -> Incense and Candles,,
Categories -> Sports & Outdoor -> Yoga & Pilates -> Pilates Equipment,,
Categories -> Sports and Outdoor -> Yoga and Pilates -> Sponge Cubes for Yoga and Pilates,,
Categories -> Sports and Outdoor -> Yoga and Pilates -> Yoga Belts and Straps,,
Categories -> Sports & Outdoor -> Weights and Equipment for Strength Training -> All Weight and Weight Training Equipment Products,,
Categories -> Sports & Outdoor -> Weights and Equipment for Strength Training -> Accessories for Weightlifting Equipment and Fitness Benches,,
Categories -> Sports and Outdoor -> Weights and Equipment for Strength Training -> Weight Lifting Devices and Suspensions,,
Categories -> Sports & Outdoor -> Weights and Equipment for Strength Training -> Gloves and Hand Straps for Weightlifting,,
Categories -> Sports & Outdoor -> Weights and Equipment for Strength Training -> Racks for Storage Weights Training,,
Categories -> Sports and Outdoor -> Weights and Equipment for Strength Training -> Weightlifting Rods,,
Categories -> Sports and Outdoor -> Weights and Equipment for Strength Training -> Lifting Weights,,
Categories -> Sports and Outdoor -> Weights and Equipment for Strength Training -> Fitness Sofa,,
Categories -> Sports & Outdoor -> Running Products -> All Running Products,,
Categories -> Sports & Outdoor -> Running Products -> Running Accessories,,
Categories -> Sports & Outdoor -> Fitness Equipment -> All Fitness Equipment Products,,
Categories -> Sports & Outdoor -> Fitness Equipment -> Fitness Walkers,,
Categories -> Sports and Outdoor -> Fitness Equipment -> Stair Walkers and Steppers,,
Categories -> Sports & Outdoor -> Fitness Equipment -> Exercise Bikes,,
Categories -> Sports & Outdoor -> Fitness Equipment -> Elliptical Equipment,,
Categories -> Sports and Outdoor -> Skates and Rollerblades -> All Rollerblades and Rollerblades Products,,
Categories -> Sports & Outdoor -> Skates and Rollerblades -> Rollerblades,,
Categories -> Sports & Outdoor -> Skates and Rollerblades -> Skateboarding,,
Categories -> Sports and Outdoor -> Cycling -> Bicycle -> All Bicycle Products,,
Categories -> Sports and Outdoors -> Cycling -> Bicycle -> Bicycles for Children and Youth,,
Categories -> Sports & Outdoor -> Cycling -> All Cycling Products,,
Categories -> Sports and Outdoor -> Cycling -> Tricycles,,
Categories -> Sports and Outdoors -> Cycling -> Protectors for Cyclists,,
Categories -> Sports & Outdoor -> Cycling -> Bicycle Helmets,,
Categories -> Sports & Outdoor -> Cycling -> Bicycle Accessories,,
Categories -> Sports & Outdoor -> Sports & Leisure Games -> Tennis -> All Tennis Products,,
Categories -> Sports & Outdoor -> Sports & Leisure Games -> Tennis -> Collection of Tennis Balls,,
Categories -> Sports & Outdoor -> Sports & Leisure Games -> Tennis -> Tennis Rackets,,
Categories -> Sports & Outdoor -> Sports & Leisure Games -> Game Tables -> All Game Table Products,,
Categories -> Sports & Outdoor -> Sports & Leisure Games -> Game Tables -> Air Hockey Tables,,
Categories -> Sports & Outdoor -> Sports & Leisure Games -> Game Tables -> Basketball Shooting Rack,,
Categories -> Sports & Outdoor -> Sports & Leisure Games -> Game Tables -> Snooker Tables,,
Categories -> Sports & Outdoor -> Sports & Leisure Games -> Game Tables -> Football Tables,,
Categories -> Sports & Outdoor -> Sports & Leisure Games -> Ball Game Accessories -> All Ball Game Accessories,,
Categories -> Sports & Outdoor -> Sports & Leisure Games -> Ball Game Supplies -> Ball Blowing Pumps,,
Categories -> Sports & Outdoor -> Sports & Leisure Games -> Volleyball -> All Volleyball Products,,
Categories -> Sports & Outdoor -> Sports & Leisure Games -> Volleyball -> Volleyball Balls,,
Categories -> Sports & Outdoor -> Sports & Leisure Games -> Football -> All Football Products,,
Categories -> Sports & Outdoor -> Sports & Leisure Games -> Football -> Football Training Equipment,,
Categories -> Sports & Outdoor -> Sports & Leisure Games -> Football -> Goals,,
Categories -> Sports & Outdoor -> Sports & Leisure Games -> Football -> Football Balls,,
Categories -> Sports & Outdoor -> Sports & Leisure Games -> Basketball -> All Basketball Products,,
Categories -> Sports & Outdoor -> Sports & Leisure Games -> Basketball -> Basket Basket,,
Categories -> Sports & Outdoor -> Sports & Leisure Games -> Basketball -> Basketball Balls,,
Categories -> Sports & Outdoor -> Sports & Leisure Games -> All Sports & Leisure Games Products,,
Categories -> Sports & Outdoor -> Sports & Leisure Games -> Swimming Goggles and Diving Masks,,
Categories -> Sports & Outdoor -> Sports & Leisure Games -> Table Tennis,,
Categories -> Sports & Outdoor -> Sports & Fitness Equipment -> All Sports & Fitness Equipment Products,,
Categories -> Sports & Outdoor -> Sports & Fitness Equipment -> Skipping,,
Categories -> Sports and Outdoor -> Sports and Fitness Equipment -> Wedge Mattresses for Practice,,
Categories -> Sports & Outdoor -> Sports & Fitness Equipment -> Fitness Equipment Sets & Equipment,,
Categories -> Sports and Outdoor -> Sports and Fitness Equipment -> Training Straps in a Hanging Pose,,
Categories -> Sports & Outdoor -> Sports & Fitness Equipment -> Weightlifting Clothing,,
Categories -> Sports & Outdoor -> Sports & Fitness Equipment -> Medical Practice Balls,,
Categories -> Sports & Outdoor -> Sports Equipment & Fitness -> Sports Watches,,
Categories -> Sports & Outdoor -> Sports & Fitness Equipment -> Aerobic Stairs,,
Categories -> Sports & Outdoor -> Sports & Fitness Equipment -> Fitness Bracelets,,
Categories -> Sports and Outdoor -> Sports and Fitness Equipment -> Parallel Tension and Lower Abdomen,,
Categories -> Sports & Outdoor -> Sports & Fitness Equipment -> Training Straps,,
Categories -> Sports & Outdoor -> Sports & Fitness Equipment -> Belly Rollers,,
Categories -> Sports & Outdoor -> Sports & Fitness Equipment -> Exercise Balls,,
Categories -> Sports & Outdoor -> Sports & Fitness Equipment -> Equilibrium Training Aids,,
Categories -> Sports & Outdoor -> Sports & Fitness Equipment -> Vibration Training Devices,,
Categories -> Sports & Outdoor -> Sports & Fitness Equipment -> Sports Headlights & Reflectors,,
Categories -> Sports & Outdoor -> Sports & Fitness Equipment -> Training Benches,,
Categories -> Sports & Outdoor -> Sports & Fitness Equipment -> Tension Rods,,
Categories -> Sports and Outdoor -> All Sports and Outdoor Products,,
Categories -> Electrical & Electronics -> Cell Phones & Accessories -> Phones -> All Phone Products,,
Categories -> Electrical & Electronics -> Cell Phones & Accessories -> Phones -> Desk Phones,,
Categories -> Electrical & Electronics -> Cell Phones & Accessories -> All Cell Phone & Accessories Products,,
Categories -> Electrical & Electronics -> Cell Phones & Accessories -> Smartphones,,
Categories -> Electrical & Electronics -> Cell Phones & Accessories -> Cell Phone Covers,,
Categories -> Electrical & Electronics -> Cell Phones & Accessories -> Cables & Chargers,,
Categories -> Electrical & Electronics -> Cell Phones & Accessories -> Hanging Facilities and Stands for Cell Phone,,
Categories -> Electrical & Electronics -> Cell Phones & Accessories -> Backup Batteries,,
Categories -> Electrical & Electronics -> Cameras & Cameras -> All Cameras & Camera Products,,
Categories -> Electrical & Electronics -> Cameras & Photo Equipment -> Professional Cameras,,
Categories -> Electrical & Electronics -> Cameras & Photo Equipment -> Photo Equipment,,
Categories -> Electrical & Electronics -> Laundry & Cleaning -> All Laundry & Cleaning Products,,
Categories -> Electrical & Electronics -> Laundry & Cleaning -> Trailing Vacuum Cleaners,,
Categories -> Electrical & Electronics -> Laundry & Cleaning -> Steam Iron,,
Categories -> Electrical & Electronics -> Laundry & Cleaning -> Manual Vacuum Cleaners,,
Categories -> Electrical & Electronics -> Laundry & Cleaning -> Fragrance Distributors,,
Categories -> Electrical & Electronics -> Laundry & Cleaning -> Rechargeable Vacuum Cleaner,,
Categories -> Electrical & Electronics -> Laundry & Cleaning -> Robotic Vacuum Cleaners,,
Categories -> Electrical & Electronics -> Laundry & Cleaning -> Steam Irons,,
Categories -> Electrical & Electronics -> Cooking and Baking -> All Cooking and Baking Products,,
Categories -> Electrical & Electronics -> Cooking & Baking -> Gas Stove,,
Categories -> Electrical & Electronics -> Cooking & Baking -> Induction Cooker,,
Categories -> Electrical & Electronics -> Cooking and Baking -> Cooker Hood,,
Categories -> Electrical & Electronics -> Cooking & Baking -> Electric Stoves,,
Categories -> Electrical & Electronics -> Grooming and Design Devices -> Shavers & Accessories -> All Razors & Accessories,,
Categories -> Electrical & Electronics -> Grooming & Design Devices -> Shavers & Accessories -> Men's Shavers,,
Categories -> Electrical & Electronics -> Grooming & Design Devices -> Razors & Accessories -> Razor Accessories,,
Categories -> Electrical & Electronics -> Care and Design Devices -> All Care and Design Devices Products,,
Categories -> Electrical & Electronics -> Care and styling devices -> Hair dryers,,
Categories -> Electrical & Electronics -> Grooming & Shaping Devices -> Shaver & Beard Shaping,,
Categories -> Electrical & Electronics -> Grooming and Styling Devices -> Hair Stylists,,
Categories -> Electrical & Electronics -> Care and styling devices -> Hair curlers,,
Categories -> Electrical & Electronics -> Grooming and Design Devices -> Haircut Machines & Accessories,,
Categories -> Electrical & Electronics -> Grooming and Styling Devices -> Hair Straighteners,,
Categories -> Electrical & Electronics -> Care and styling devices -> Hair removal device for men,,
Categories -> Electrical & Electronics -> Monitors & Sound -> Headphones -> All Headphone Products,,
Categories -> Electrical & Electronics -> Monitors & Sound -> Headphones -> In-Ear Headphones,,
Categories -> Electrical & Electronics -> Monitors & Sound -> Headphones -> earbuds,,
Categories -> Electrical & Electronics -> Monitors & Sound -> Headphones -> Home Front Headphones,,
Categories -> Electrical & Electronics -> Monitors & Sound -> Headphones -> Over-the-Ear Headphones,,
Categories -> Electrical & Electronics -> Monitors & Sound -> Headphones -> Rainbow Headphones,,
Categories -> Electrical & Electronics -> Monitors & Sound -> Speakers -> All Speaker Products,,
Categories -> Electrical & Electronics -> Monitors & Sound -> Speakers -> Portable Speakers,,
Categories -> Electrical & Electronics -> Monitors & Sound -> Speakers -> Subwoofer,,
Categories -> Electrical & Electronics -> Monitors & Sound -> Speakers -> Wi-Fi Wireless Speakers,,
Categories -> Electrical & Electronics -> Monitors & Sound -> Speakers -> bluetooth wireless speakers,,
Categories -> Electrical & Electronics -> Monitors & Sound -> All Monitors & Sound Products,,
Categories -> Electrical & Electronics -> Monitors & Sound -> Sound Projectors,,
Categories -> Electrical & Electronics -> Monitors & Sound -> Projectors,,
Categories -> Electrical & Electronics -> Monitors & Sound -> Streamers,,
Categories -> Electrical & Electronics -> Air conditioning and home heating -> All home air conditioning and heating products,,
Categories -> Electrical & Electronics -> Air conditioning and home heating -> Ceiling and hanging fans,,
Categories -> Electrical & Electronics -> Air conditioning and home heating -> Cooler,,
Categories -> Electrical & Electronics -> Air conditioning and home heating -> Portable air conditioner,,
Categories -> Electrical & Electronics -> Air conditioning and home heating -> Tower fan,,
Categories -> Electrical & Electronics -> Air conditioning and home heating -> Floor fan,,
Categories -> Electrical & Electronics -> Air conditioning and home heating -> Standing fan,,
Categories -> Electrical & Electronics -> Air conditioning and home heating -> Sheets and heating pads,,
Categories -> Electrical & Electronics -> Air conditioning and home heating -> Desktop fan,,
Categories -> Electricity and Electronics -> Air conditioning and home heating -> Surface air conditioner,,
Categories -> Electrical & Electronics -> Air conditioning and home heating -> Heat dissipator,,
Categories -> Electrical & Electronics -> Air conditioning and home heating -> Stoves and heat radiators,,
Categories -> Electrical & Electronics -> Batteries -> All Battery Products,,
Categories -> Electrical & Electronics -> Batteries -> AA Batteries,,
Categories -> Electrical & Electronics -> Batteries -> Batteries for Hearing Aids,,
Categories -> Electrical & Electronics -> Batteries -> Batteries D,,
Categories -> Electrical & Electronics -> Batteries -> Coin and Button Batteries,,
Categories -> Electrical & Electronics -> Batteries -> C Batteries,,
Categories -> Electrical & Electronics -> Batteries -> AAA Batteries,,
Categories -> Electrical & Electronics -> Batteries -> 9V Batteries,,
Categories -> Electrical & Electronics -> Lighting -> Home Lighting -> All Home Lighting Products,,
Categories -> Electrical & Electronics -> Lighting -> Home Lighting -> Spotlights,,
Categories -> Electrical & Electronics -> Lighting -> Home Lighting -> LED Battery Lighting,,
Categories -> Electrical & Electronics -> Lighting -> Home Lighting -> Night Lamps,,
Categories -> Electrical & Electronics -> Lighting -> Garden Lighting -> All Garden Lighting Products,,
Categories -> Electrical & Electronics -> Lighting -> Garden Lighting -> Solar Garden Lighting,,
Categories -> Electrical & Electronics -> Lighting -> All Lighting Products,,
Categories -> Electrical & Electronics -> Lighting -> Bulbs,,
Categories -> Electrical & Electronics -> Small kitchen appliances -> All kitchen small appliances,,
Categories -> Electrical & Electronics -> Small Kitchen Appliances -> Electric Cutting Knife,,
Categories -> Electrical & Electronics -> Small Kitchen Appliances -> Electric Juicers,,
Categories -> Electrical & Electronics -> Small kitchen appliances -> Sausage maker,,
Categories -> Electrical & Electronics -> Small kitchen appliances -> Popcorn maker,,
Categories -> Electrical & Electronics -> Small Kitchen Appliances -> Belgian Waffle Pancake Maker,,
Categories -> Electrical & Electronics -> Small Kitchen Appliances -> Pressure Toaster,,
Categories -> Electrical & Electronics -> Small Kitchen Appliances -> Su Weed appliance,,
Categories -> Electrical & Electronics -> Small Kitchen Appliances -> Microwave,,
Categories -> Electrical & Electronics -> Small Kitchen Appliances -> Bread Character,,
Categories -> Electrical & Electronics -> Small Kitchen Appliances -> Mixers,,
Categories -> Electrical & Electronics -> Small Kitchen Appliances -> Electric Cooking Pots,,
Categories -> Electrical & Electronics -> Small Kitchen Appliances -> Electric Frying Pots,,
Categories -> Electrical & Electronics -> Small Kitchen Appliances -> Milk Frother,,
Categories -> Electrical & Electronics -> Small Kitchen Appliances -> Coffee Makers,,
Categories -> Electrical & Electronics -> Small Kitchen Appliances -> Toaster Oven,,
Categories -> Electrical & Electronics -> Small Kitchen Appliances -> Electric Grill,,
Categories -> Electrical & Electronics -> Small Kitchen Appliances -> Toasters,,
Categories -> Electrical & Electronics -> Small Kitchen Appliances -> Home,,
Categories -> Electrical & Electronics -> Small Kitchen Appliances -> Coffee Grinders,,
Categories -> Electrical & Electronics -> Small Kitchen Appliances -> Shabbat Plate,,
Categories -> Electrical & Electronics -> Small Kitchen Appliances -> Blenders and Food Choppers,,
Categories -> Electrical & Electronics -> Small Kitchen Appliances -> Food Slices,,
Categories -> Electrical & Electronics -> Small Kitchen Appliances -> Kettles,,
Categories -> Electrical & Electronics -> Small Kitchen Appliances -> Rod Blender,,
Categories -> Electrical & Electronics -> Small Kitchen Appliances -> Food Processors,,
Categories -> Electrical & Electronics -> Tablets & Accessories -> All Tablets & Accessories,,
Categories -> Electrical & Electronics -> Tablets & Accessories -> Covers,,
Categories -> Electrical & Electronics -> Cables & Adapters -> All Cable & Adapters,,
Categories -> Electrical & Electronics -> Cables & Adapters -> Charging Cables,,
Categories -> Electrical & Electronics -> Cameras -> All Camera Products,,
Categories -> Electrical & Electronics -> Cameras -> Security Cameras,,
Categories -> Electrical & Electronics -> Cameras -> Extreme Cameras,,
Categories -> Electrical & Electronics -> Cameras -> Digital Cameras,,
Categories -> Electrical & Electronics -> Cameras -> Webcams,,
Categories -> Electrical & Electronics -> Cameras -> Car Cameras,,
Categories -> Electrical & Electronics -> Computers & Accessories -> Printers & Scanners -> All Printer & Scanner Products,,
Categories -> Electrical & Electronics -> Computers & Accessories -> Printers & Scanners -> Scanners,,
Categories -> Electrical & Electronics -> Computers & Accessories -> All Computers & Accessories,,
Categories -> Electrical & Electronics -> Computers & Accessories -> Mice,,
Categories -> Electrical & Electronics -> Computers & Accessories -> Keyboards,,
Categories -> Electrical & Electronics -> Computers & Accessories -> Amplifiers & Computer Speakers,,
Categories -> Electrical & Electronics -> Computers & Accessories -> Hardware & Software,,
Categories -> Electrical & Electronics -> Computers & Accessories -> Laptop,,
Categories -> Electrical & Electronics -> All Electrical & Electronic Products,,
Categories -> Animals -> Feeding and Drinking Accessories -> All Feeding and Drinking Accessories Products,,
Categories -> Animals -> Feeding and Drinking Accessories -> Food and Drink Bowls,,
Categories -> Animals -> Walking and Sports Equipment -> All Walking and Sports Equipment Products,,
Categories -> Animals -> Walking and Sports Equipment -> Bags for Pet Needs,,
Categories -> Animals -> Health -> All Health Products,,
Categories -> Animals -> Health -> Medical Collars,,
Categories -> Animals -> Health -> Measures against fleas and ticks for animals,,
Categories -> Animals -> Dogs -> Grooming -> All Grooming Products,,
Categories -> Animals -> Dogs -> Grooming -> Shampoo and conditioner for dogs,,
Categories -> Animals -> Dogs -> Grooming -> Brushes and combs for dogs,,
Categories -> Animals -> Dogs -> All Dog Products,,
Categories -> Animals -> Dogs -> Snacks for Dogs,,
Categories -> Animals -> Dogs -> Dry Dog Food,,
Categories -> Animals -> Dogs -> Hotels,,
Categories -> Animals -> Dogs -> Toys for Dogs,,
Categories -> Animals -> Dogs -> Wet Food Canned and Delicacies for Dogs,,
Categories -> Animals -> Cats -> All Cat Products,,
Categories -> Animals -> Cats -> Sandboxes for Cats,,
Categories -> Animals -> Cats -> Furniture,,
Categories -> Animals -> Cats -> Sand,,
Categories -> Animals -> Cats -> Toys for Cats,,
Categories -> Animals -> Cats -> Snacks for Cats,,
Categories -> Animals -> Cats -> Wet food Canned and delicacies for cats,,
Categories -> Animals -> Cats -> Dry Cat Food,,
Categories -> Animals -> Grooming -> All Grooming Products,,
Categories -> Animals -> Grooming -> Brushes and combs for animals,,
Categories -> Animals -> Grooming -> Deodorant Spray and Animal Scent,,
Categories -> Animals -> Grooming -> Shampoo and conditioner for animals,,
Categories -> Animals -> All Animal Products,,
Categories -> Crafts and Hobbies -> Books and Brochures -> Non-fiction and Professional Literature -> All Non-Literary and Professional Literature Products,,
"Categories -> Creativity and Hobbies -> Books and Booklets -> Non-Fiction and Professional Literature -> Health, Fitness and Diet",,
Categories -> Creativity and Hobbies -> Books and Booklets -> Non-Fiction and Professional Literature -> History,,
Categories -> Art and Hobbies -> Books and Booklets -> Non-Fiction & Professional Literature -> Psychology,,
Categories -> Crafts and Hobbies -> Books and Brochures -> Non-fiction and Professional Literature -> Cookbooks and Baking,,
Categories -> Creativity and Hobbies -> Books and Brochures -> Non-Fiction and Professional Literature -> Lifestyle,,
Categories -> Creativity and Hobbies -> Books and Booklets -> Non-Fiction and Professional Literature -> Parenting & Family,,
Categories -> Creativity and Hobbies -> Books and Booklets -> Non-Fiction and Professional Literature -> Humor and Entertainment,,
Categories -> Crafts and Hobbies -> Books and Brochures -> Non-Fiction & Professional Literature -> Politics,,
Categories -> Crafts and Hobbies -> Books and Booklets -> Non-Fiction & Professional Literature -> Careers,,
Categories -> Art and Hobbies -> Books and Booklets -> Non-Fiction and Professional Literature -> Religion and Spirit,,
Categories -> Arts & Hobbies -> Books & Brochures -> Non-Fiction & Professional Literature -> Sciences,,
Categories -> Art and Hobbies -> Books and Booklets -> Non-Fiction & Professional Literature -> Education & Teaching,,
Categories -> Crafts and Hobbies -> Books and Booklets -> Non-Fiction and Professional Literature -> Computers and Technology,,
Categories -> Creativity and Hobbies -> Books and Booklets -> Fiction -> All Fiction Products,,
Categories -> Creativity and Hobbies -> Books and Booklets -> Fiction -> Original Literature,,
Categories -> Creativity and Hobbies -> Books and Booklets -> Fiction -> Science Fiction and Fantasy,,
Categories -> Creativity and Hobbies -> Books and Booklets -> Fiction -> Love and Erotica,,
Categories -> Creation and Hobbies -> Books and Booklets -> All Book and Booklet Products,,
Categories -> Creation and Hobbies -> Books and Booklets -> Creation,,
Categories -> Creation and Hobbies -> Books and Booklets -> Youth Books,,
Categories -> Creation and Hobbies -> Books and Booklets -> Puzzle and Crossword Books,,
Categories -> Creativity and Hobbies -> Books and Booklets -> Activity Booklets for Kids,,
Categories -> Creativity and Hobbies -> Books and Booklets -> Textbooks for Kids,,
Categories -> Creation and Hobbies -> Books and Booklets -> Children's Books,,
Categories -> Creation and Hobbies -> Creation -> All Creation Products,,
Categories -> Creation and Hobbies -> Creation -> Origami,,
Categories -> Creation and Hobbies -> Creation -> Scissors,,
Categories -> Creation and Hobbies -> Creation -> Beads,,
Categories -> Crafts and Hobbies -> Party Supplies -> Balloons -> All Balloon Products,,
Categories -> Creation and Hobbies -> Party Supplies -> Balloons -> Balloon Packages,,
Categories -> Crafts and Hobbies -> Party Equipment -> All Party Equipment Products,,
Categories -> Creation and Hobbies -> Creation for Kids -> Slime -> All Slime Products,,
Categories -> Creation and Hobbies -> Creation for Kids -> Slime -> Slime,,
Categories -> Creation and Hobbies -> Creation for Kids -> Slime -> Slime preparation kits,,
Categories -> Crafts and Hobbies -> Crafts for Kids -> All Crafts for Kids,,
Categories -> Crafts and Hobbies -> Crafts for Kids -> Chalks for Kids,,
Categories -> Crafts and Hobbies -> Crafts for Kids -> Paper and Stickers,,
Categories -> Crafts and Hobbies -> Crafts for Kids -> Writing Boards and Scribbles,,
Categories -> Crafts and Hobbies -> Crafts for Kids -> Colors and Pencils,,
Categories -> Creation and Hobbies -> Creation for Kids -> Tattoo Stickers,,
Categories -> Crafts and Hobbies -> Crafts for Kids -> Dough and Plasticine,,
Categories -> Crafts and Hobbies -> Crafts for Kids -> Children's Brushes,,
Categories -> Crafts and Hobbies -> Crafts for Kids -> Coloring and Drawing Booklets,,
Categories -> Creation and Hobbies -> Creation for Kids -> Creation Kits,,
Categories -> Crafts and Hobbies -> Crafts for Kids -> Crafts,,
Categories -> Crafts and Hobbies -> Sewing and Knitting -> All Sewing and Knitting Products,,
Categories -> Craft and Hobbies -> Sewing and Knitting -> Yarns,,
Categories -> Creation and Hobbies -> Writing -> All Writing Products,,
Categories -> Creating and Hobbies -> Writing -> Personal Diaries and Memoirs,,
Categories -> Crafts and Hobbies -> All Crafts and Hobbies,,
